項次,裁處書日期,違規情節,罰鍰金額數,罰則註記
1,112/12/28,"緣受處分人係「OOOO診所（機構代碼：350102G725）」負責醫師，案係該診所於Facebook帳號「OOOO」（網址：：https://www.facebook.com/geoaesthetic/；本局下載日期：112年12月12日）刊登內容略以：「...現在只要到星創牙醫做指定冷光方案即可免費獲得#免疫力UP點滴#無暇抗衰點滴...年末美顏方案...EXCLUSIVE全面靚白特約計畫...ProjectA美齒冷光美白+免疫力UP點滴乙堂$19,999...ProjectB美齒冷光美白+免疫力UP點滴+無暇抗衰點滴$20,999...點滴療程由己研醫美施作......」，以暗示贈送、優惠等具有意圖促銷之醫療廣告為宣傳，核已違反醫療法第86條規定。","50,000",醫療法第86條
2,112/12/27,受處分人為OOO婦產科診所(機構代碼：3501192528)負責醫師，案係民眾反映該診所藥師只上平日白天，晚上和假日會由護理師或行政人員包藥等云云。經本局稽查人員112年11月15日至該診所稽查，查有未具藥事人員資格者張O純及陳O金執行藥品調劑業務，並經當事人坦承屬實；經查衛生福利部醫事管理系統，受處分人診所容留未具藥師資格者執行調劑之情事，核已違反醫療法第57條第2項規定。,"50,000",醫療法第57條
3,112/12/18,受處分人為OOO整形外科診所(機構代碼：3501185354)負責醫師，案緣本局稽查人員111年12月13日至凱美力整形外科診所實地稽查管制藥品，現場查有病人吳O玲、李O庭111年1月23日病歷資料，受處分人未於病歷增刪處簽名或蓋章及註明年、月、日，未依規定載明上開事項，核已違反醫療法第68條第2項規定。,"10,000",醫療法第68條第2項
4,112/12/14,緣受處分人係「OOOO外科診所(機構代碼：3501108786)」負責醫師，案係本局稽查人員於112年10月4日至受處分人診所進行112年度提供美容醫學服務診所之專案稽查，查有病人陳Ｏ秀醫囑單紀錄112年7月15日邱偉哲醫師記載，聚焦探頭532處原記載0.3塗改，未見於增刪處簽名或蓋章及註明年、月、日。及微整形治療紀錄表施打日期：111年10月28日、112年2月27日及112年5月3日，醫助欄位治療紀錄護理師簽章皆以數字代號記載。病人俞Ｏ玉雷射治療紀錄表112年10月4日醫師欄位僅記載Dr彥/29。受處分人未督導其所屬醫事人員執行業務時，依規定製作病歷紀錄並簽名或蓋章等，核已違反醫療法第68條之規定。,"10,000",醫療法第68條第1項
5,112/12/13,緣受處分人係「OOOOOO」(機構代碼：0501160014)，經本局行政調查暨112年11月23日至該院辦理年度醫院督導考核，該院自111年4月14日至112年11月22日止，因病床數管理疏漏，致急性一般病床實際開放數與登記開放數不符，且未於事實發生之日起30日內辦理變更登記，核已違反醫療法第15條第1項規定。,"50,000",醫療法第15條第1項
6,112/12/11,緣受處分人OOO牙醫診所(機構代碼:3701014167)，案係本局於112年11月2日起不同時段至該診所實地查察，現場大門深鎖，門口張貼本府自來水事業處停水通知單，停水日期為112年9月8日；暨該診所負責人112年11月21日至本局說明該診所於112年4月起因診所大門被未提供醫療服務郵局，惟迄今仍未辦理停業或歇業，核已違反醫療法第23條第 1 項規定。,0,醫療法第23條第1項
7,112/12/07,緣受處分人於Facebook帳號「心理師的歡樂之旅」（網址：https://www.facebook.com/wahago/，本局下載日期：112年11月17日）刊登內容略以：「...價錢是我問過真的最便宜的，哇哈推廣優惠價...告訴診所你是waha方案...Waha方案16***禾馨19*** 台安18***...」，受處分人非醫療機構刊登醫療業務宣稱之廣告內容，核已違反醫療法第84條規定。,"50,000",醫療法第84條
8,112/12/07,受處分人係OO醫院負責醫師，經本局於112年10月17日至該院辦理年度醫院督導考核佐以衛生福利部中央健康保險署112年11月6日及112年11月9日來函，查獲該院護理人員應設5人，實設4人，且缺物理治療人員1名、職能治療人員1名、社會工作人員1名，不符合「慢性醫院設置標準表」規定。另2樓洗腎中心及3樓慢性病房皆已清空，無床位亦無相關設備，顯無法收治病人且未向本局申請變更登記，致血液透析病床及慢性一般病床與登記開放數不符。該院醫事人員設置數不符合醫療機構設置標準規定，且該院登記事項變更，未於事實發生之日30日內辦理變更登記，核已違反醫療法第12條第3項、第15條第1項規定。,"60,000",醫療法第12條第3項;醫療法第15條第1項
9,112/12/05,緣受處分人係「OOOO診所（機構代碼：35010OOOO2）」負責醫師，案係該診所於Facebook帳號「OOOO診所」（網址：https://www.facebook.com/OOOOi/及其分頁；本局下載日期：112年11月14日）及其分頁刊登內容略以：「...雙十一 11.11自由配【49800】 雙：神力拉提x4 / 藍鑽魚骨x8 (2選1) 十：玩美電波300發 / 彩蝶音波800條 (2選1) 一：仙女玻尿酸2cc / 保提拉肉毒200u (2選1) 3項加起來【49800】 ?十一美麗『價到...」，以暗示贈送、優惠等具有意圖促銷之醫療廣告為宣傳，核已違反醫療法第86條規定。,"50,000",醫療法第86條
10,112/12/04,"受處分人係「OOOO診所（機構代碼：35011OOOO）」負責醫師。案係民眾反映該診所於112年9月1日一次性收取20堂療程費用共11,1000元。經本局稽查人員112年11月7日至該診所查察，查有病人許ＯＯ醫療費用收據載有112年9月1日收取金額合計11,1000元，經檢視該病人病歷資料，分別於112年9月1日、同年9月4日、同年9月8日及同年9月11日於診所接受治療，另已退款預收費用4,8000。受處分人負責診所擅立收費項目，向民眾一次性收取醫療費用之情事，核已違反醫療法第22條第2項規定。","50,000",醫療法第22條第2項
11,112/12/04,緣受處分人係「OOO皮膚科診所（機構代碼：3501011108）」負責醫師，案係衛生福利部中央健康保險署於112年10月20日函轉受處分人負責診所112年10月12日提供就醫病人藥袋標示有「全民健康保險」標誌，惟該診所非中央健康保險署健保特約醫事服務機構，於診所藥袋標示全民健康保險標誌之不實資訊，核已違反醫療法第85條之規定。,"50,000",醫療法第85條
12,112/11/30,緣受處分人係「OO婦產科診所(機構代碼：350102E301)」負責醫師，案係該診所於（一）Facebook帳號「OO生殖醫學中心」（網址：https://www.facebook.com/story.php?story_fbid=759937586146949&id=100063921425607&mibextid=WC7FNe；本局下載日期：112年11月9日）刊登內容略以：「#OO五週年 #免費送 #養卵?即日起至11/30(四)止免費留言送養卵聖品...」；（二）LINE帳號「OO婦產科」（LINE ID : @hyivf ）刊載內容略以：「華育5週年好禮三部曲...免費諮詢得好康...來華育抽dyson...詳情請見華育FB專頁/IG...華育5周年預約諮詢抽dyson好禮...立即預約免費諮詢...免費諮詢，送養卵聖品...立即預約諮詢...凍胚諮詢預約抽dyson...」，以具有意圖促銷之醫療廣告為宣傳，核已違反醫療法第86條規定。,"60,000",醫療法第86條
13,112/11/29,緣受處分人於Instagram（帳號名稱:momoco529）（網址:https://www.instagram.com/OOOO/）刊登限時動態內容略以：「小鳳凰電波超甜活動...小鳳凰電波：原價一發88元，900發為79200限量甜甜活動...限量加購：海芙音波300條17888...地點：寶儷國際美型診所...因為這次價格太漂亮！所以是限量的唷！超過數量就會換價格，可以好好把握一下囉。」，受處分人非醫療機構，意圖為醫療機構招徠醫療之廣告內容，已違反醫療法第84條規定。,"50,000",醫療法第84條
14,112/11/28,緣受處分人係「OOO診所（機構代碼：3501015482）」負責醫師，案係該診所於：（一）FB（網址：https://www.      facebook.com/OOOO；本局下載日期：112年11月3日）刊載內容略以：「...OOO慶開幕肉毒除皺$1288...雙十節快閃活動肉毒1區1010 ...」；（二）Instagram（網址：https://www.instagram.com/OOOO__/；本局下載日期：112年11月3日）刊登內容略以：「...肉毒100U優惠8500、肉毒200U優惠15990，音波800發活動82折36000現省8000!!，海芙音波200發$9600、400發$18800...小V臉優惠組合...」，並刊載診所名稱、地址等資訊，以具有意圖促銷之醫療廣告為宣傳，核已違反醫療法第86條規定。,"60,000",醫療法第86條
15,112/11/21,受處分人OOO係OO診所(機構代碼:3501175769)負責人，於112年11月1日向本局申請該診所歇業備查。坦承該診所自112年4月18日開業至112年10月31日之病人病歷資料已當廢棄物處理。按醫療機構其因故未能繼續開業，病歷無承接者時，應將其餘病歷應保存六個月以上始得銷燬，查上開事項核已違反醫療法第70條之規定。,"10,000",醫療法第70條
16,112/11/16,緣受處分人係「OOOO」(機構代碼：05010OOO)，經本局於112年9月20日至該院辦理年度醫院督導考核，查獲92病房之病床空間已移做為各類檢查室，24床病床堆放於2樓角落及男生宿舍，顯無法收治病人，致急性一般病床實際開放數與登記開放數不符。該院登記事項變更，未於事實發生之日起30日內辦理變更登記，核已違反醫療法第15條第1項規定。,"50,000",醫療法第15條第1項
17,112/11/10,"緣受處分人「OOO有限公司萬大分公司」於Yahoo新聞網頁「OOOO攜手醫美推住房周六下午茶四人同行一人免費」(網址：https://tw.news.
yahoo.com/%E5%8F%B0%E5%8C%97%E5%87%B1%E9%81%94%E6%94%9C%E6%89%8B%E9%86%AB%E7%BE%8E%E6%8E%A8%E4%BD%8F%E6%88%BF-%E5%91%A8%E5%85%AD%E4%B8%8B%E5%8D%88%E8%8C%B6%E5%9B%9B%E4%BA%BA%E5%90%8C%E8%A1%8C -% E 4% B A % B A % E 5% 85% 8D % E 8% B 2% B B -045700603.html；本局下載日期：112年7月17日)刊載內容略以：「2023年7月11日 週二 下午12:57...OOOxOOO醫美聯手推出醫美假期越玩越美...專案每房OOO醫美診所全館療程1,000元抵用金(不含特殊活動)乙張...『夏日美麗住房專案』每房即贈熬夜抗皺胜?眼霜筆15mL (原價1,480元)乙支與麗思醫美診所全館療程1,000元抵用金(不含特殊活動)乙張。再附贈乙張超值優惠療程券，可選擇打造身體完美曲線的『肌力PLUS』或是讓臉部容光煥發的全臉玻尿酸保濕療程...」，該公司非醫療機構，意圖為醫療機構招徠醫療之廣告內容，已違反醫療法第84條規定。","50,000",醫療法第84條
18,112/11/08,受處分人為「OOOO診所」(機構代碼:350102G172)負責醫師，案係病人反映至OOOO診所接受消脂治療疑義，經診所112年10月6日函復並檢附病歷資料，查病人陳OO 110年7月17日消脂注射同意書、肉毒桿菌素注射劑處置說明、肉毒桿菌素注射劑處置同意書、玻尿酸皮下植入物注射劑處置說明、玻尿酸皮下植入物注射劑處置同意書、舒顏萃植入劑（Sculptra）處置說明（範本）、舒顏萃植入劑（Sculptra）處置同意書等於日期欄位多處具塗改紀錄。該診所刪改病歷未依規定於刪改部分，以畫線去除，並於增刪處簽名或蓋章及註明年、月、日，而是以塗燬方式辦理，已違反醫療法第68條第2項之規定。,"10,000",醫療法第68條第2項
19,112/11/08,"緣受處分人係「OOOO診所（機構代碼：3501109916）」負責醫師，案係該診所於：（一）Instagram（網址：https://www.instagram.com/fm_fumei/；本局下載日期：112年10月12日）刊登內容略以：「...1+1 =雙倍美好滿萬折千來店禮隨身美麗收納包+面膜乙片滿額贈淨膚雷射/美白針/保濕導入任選+面膜乙組加購價點滴保養888...」、「…半年護膚吃到飽18,888 芙美2週年...限時領取醫美級術後保濕套組兩件85折芙美2週年...限時領取…」、「...2nd週年滿萬折千皮秒雷射6送2 15,000 半年護膚吃到飽 18,888 雙人除毛卡腋下500/私密處750...」；（二）Facebook（ 網址： https://www.facebook.com/photo?fbid=337713192099783&set=a.178527878018316；本局下載日期：112年10月12日）刊登內容略以：「...2nd週年滿萬折千...1+1 =雙倍美好 芙美2週年生日 變美的路上不要猶豫#趕快加一 年度熱門項目通通都有滿萬折千啦！...」，並刊載診所名稱、地址等資訊，以具有意圖促銷之醫療廣告為宣傳，核已違反醫療法第86條規定。","60,000",醫療法第86條
20,112/11/07,"緣受處分人係「OOOO牙醫診所（機構代碼：37010OOOO）」負責醫師，案係該診所於Facebook帳號「OOOO牙醫診（網址：https://www.facebook.
com/OOOO；本局下載日期：112年10月16日）刊登內容略以：「...隱適美隱形矯正...全口矯正方案 Invisalign隱適美 9萬8000元 歡慶雙十...享0元體驗ITero口腔掃描 市價$6000元...」，以優惠等具有意圖促銷之醫療廣告為宣傳，核已違反醫療法第86條規定。","50,000",醫療法第86條
21,112/11/07,緣受處分人係「OOOO診所（機構代碼：35010OOOO）」負責醫師，案係該診所於Facebook帳號「「OOOO診所」（網址：https://m.facebook.comOOOOp?story_fbid=pfbid0KvOOOOnD3gCiXqXpdakeMuumHEpcj5K8sB8onEiuVkr6nLVyQDOOOO487663412&mibextid=qC1gEa；本局下載日期：112年10月16日）刊登內容略以：「...沐雲美學 edge one 10/18～10/26 Co2二氧化碳雷射活動開跑...私密處G緊雷射+煥白 9999...」，以暗示贈送、優惠等具有意圖促銷之醫療廣告為宣傳，核已違反醫療法第86條規定。,"50,000",醫療法第86條
22,112/11/06,"緣受處分人「OOOO有限公司」於網路：(一)Youtube影片(網址：https://www.youtube.com/OOOOv=5OvUicYGs5g；本局下載日期：112年9月14日)刊載內容略以：「...均一價無隱藏收費分期最高12期0利率 ZenyumClear?隱形牙套使用專屬連結免費線上評估再享最高17,000折扣(詳情請見資訊欄)本廣告與『
Zenyum綻雅台灣』合作播出...全台唯一！均一價隱形牙套，絕無隱藏費用?? 隱形牙套穿戴方便，大口享受美食不必忍?? 免費線上評估！讓你在家裡就可做檢查現在?? 只要使用志祺七七專屬優惠連結完成免費線上評估，即可享有隱形牙套特殊優惠?? ZenyumClear 輕矯正定價7萬2，折扣7,000元...ZenyumPlus 全口矯正定價12萬，折扣17,000元免費又方便的服務就在這裡，快點一起來評估吧?? https://bit.ly/OOOOid...」，經點擊網址：https://bit.ly/3YOOOOid刊登內容略以：「...Zenyum綻雅...免費線上牙齒評估只需簡單 3 步驟，7萬2就能讓你展開自信微笑！ hourclass 總共只需要約五分鐘...開始評估...」；(二)網頁（網址：https://obOOOO.com /tw -zh/intro/?utm_campaign=18267205157&utm_source=google&utm_medium=cln_cpc&utm_content=630900460073&%
E2%80%A6#/；本局下載日期：112年9月23日）刊登內容略以：「...免費線上牙齒評估只需簡單3步驟，7萬2就能讓你展開自信微笑!...1 提交資料 讓Zenyum更了解您的需求...2 回答4個簡單問題 讓Zenyum更了解您想要的牙齒問題，例如：齒列擁擠、牙縫過大等...3 工具提供完整的牙齒照片 上傳牙齒照片，讓牙科專家為您做評估...開始評估」，該公司非醫療機構刊登醫療廣告，核已違反醫療法第84條規定。","60,000",醫療法第84條
23,112/11/02,緣受處分人係「OO牙醫診所（機構代碼：3701028625）」負責醫師，案係該診所於網頁「極致冷光美白專案實施中 - 璽恩牙醫診所 Shine Smile Clinic」（網址：https://sOOOOclinic.com/極致冷光美白專案實施中/；本局下載日期：112年10月6日）刊登內容略以：「......極致冷光美白專案實施中...極致冷光美白...期間限定優惠 實施中...牙齒冷光美白...來店諮詢享優惠...」，以優惠等具有意圖促銷之醫療廣告為宣傳，核已違反醫療法第86條規定。,"50,000",醫療法第86條
24,112/11/01,緣受處分人係「OO牙醫診所(機構代碼：3701113165)」負責醫師，案係該診所於（一）「OO牙醫診所Good will」Facebook（網址：https://www.facebook.comOOOO85/posts/pfbid02JQmTPN6pg4ywu17fzECOOOOHsbw891Vztn7XGvaH4m5xOOOOUPrYdzNDvVol/?mibextid=cr9u03；本局下載日期：112年10月3日）刊登內容略以：「...兩人同行即可享有多項美白8折優惠不用擔心期限！從今天起到9月底都可適用此活動喔...」；（二）Instagram（網址：https://www.instagram.com/OOOOdental/；本局下載日期：112年10月3日）刊載內容略以：「…母親節限時優惠按讚臉書或IG+google評論享雷射美白限時75折優惠即日起至5月底…」、「…贈送價值15000的居家美白…」、「…情人節當月限定牙齒超亮白方案兩人同行八折優惠…」，以具有意圖促銷之醫療廣告為宣傳，核已違反醫療法第86條規定。,"60,000",醫療法第86條
25,112/10/26,緣受處分人係「OO中醫診所(機構代碼：3801182984)」負責醫師，案係民眾反映該診所販售醫療券未開立收據疑義，本局人員112年9月15日至該診所查核，查有病人彭OO等3人購買療程券之醫療收據，內容登載療程券（材料費：9000元），受處分人坦承有販售10次療程券。受處分人負責診所以一次性收取醫療費用預約治療方式，向民眾先收取醫療費用之情事，核已違反醫療法第22條第2項規定。,"50,000",醫療法第22條第2項
26,112/10/26,緣受處分人OO醫美診所(機構代碼:3501013817)，案係本局112年8月8日至該診所查察，暨該診所負責人代理人112年8月14日至本局說明該診所於112年3月20日至同年7月12日期間進行整修未能提供醫療服務，如病人有就診需求皆安排至其他醫療機構接受診療，惟該診所遲至112年10月13日(本局收文日)報本局備查停業，該診所未於停業事實發生30日內報本局備查，核已違反醫療法第23條第1項規定。,0,醫療法第23條第1項
27,112/10/24,受處分人係「OOOO診所（機構代碼：35010OOOO）」負責醫師，案係民眾反映其母陳顏OO 112年6月19日、6月26日及7月3日至OOOO診所就醫疑義。本局稽查人員112年8月9日至該診所查核，現場查獲病人陳顏OO療程消費明細載有6月19日腦活素點滴x10+2 費用48000、輕高壓氧x10+2 費用12000，6月19日、6月26日、7月3日腦活素+HBOT云云，負責醫師表示療程消費明細所收費用待療程12次結束後才開立收據給病人。受處分人負責診所以預約治療方式，向民眾一次性收取醫療費用之情事，核已違反醫療法第22條第2項規定。,"50,000",醫療法第22條第2項
28,112/10/24,"緣受處分人係「OOOO診所(機構代碼：35010OOOO)」負責醫師，案係民眾反映其母陳顏OO 112年6月19日、6月26日及7月3日至OOOO診所就醫疑義。本局稽查人員112年8月9日至該診所查核，查獲病人陳顏OO之醫囑單未加註日期，簽名欄位僅簽寫「戴」；經審視上開病歷資料全卷，未建立清晰、詳實、完整之病歷。受處分人未督導其所屬醫事人員執行業務時，依規定製作病歷紀錄並簽名或蓋章及加註執行年、月、日等，核已違反醫療法第68條之規定。
","10,000",醫療法第68條第1項
29,112/10/20,緣受處分人為OO診所(機構代碼:3501154135)負責醫師，該診所111年2月20日歇業，受處分人遲至112年9月27日始辦理歇業事宜。受處分人未於歇業事實發生30日內向本局辦理歇業，核已違反醫療法第23條第1項規定。,0,醫療法第23條第1項
30,112/10/13,受處分人111年8月28日2時18分於OOOO醫院，於護理師執行醫療業務時徒手毆打護理師，在急診室內向護理師辱罵，妨礙醫療業務之執行，已違反醫療法第24條第2項規定。,"30,000",醫療法第24條第2項
31,112/10/13,"受處分人係「OOOO診所」（機構代碼：3501154377，負責醫師：林大弘），案係民眾反映至該診所治療疑義，本局112年7月31日至該診所查核，查有受處分人提供民眾李O能紀錄表載有「日期：2023/5/4 內容項目：彩衝光or飛梭，10+2 金額：40000」，且療程使用/修護記錄表載有「5/4 彩衝光+術後保濕導入 12-1、6/20 同上 12-2、7/18 飛梭(11050何O瑄用) 12-3、112/7/27 彩衝光+術後保濕導入 12-4...」，惟診所提供112年5月4日醫療收據開立品名為美容產品、金額40,000元，醫療收據未正確載明自費項目及當次醫療費用金額，已違反醫療法第22條第1項之規定。",0,醫療法第22條第1項
32,112/10/13,緣受處分人係「OOOO牙醫診所（機構代碼：3701174024）」負責醫師，案係該診所於Facebook帳號「OOOO牙醫診所」（網址：https://www.facebook.com/OOOO牙醫診所/100090066507174/；本局下載日期：112年9月14日）刊登內容略以：「...還在因高額費用而猶豫做矯正嗎??快把握...輕矯正限定專案 ...OOOO XClearCorrect(TW)...即日起至2023/10/31 凡透過官方LINE預約諮詢，即享： 1. CC矯正動畫模擬分析 2.諮詢費用折抵...布布齒科 x CC透明牙套 輕矯正限定專案 10/1~10/31凡透過官方LINE預約諮詢，即享以下優惠： CC矯正動畫模擬分析...諮詢費用折抵......」，以暗示贈送、優惠等具有意圖促銷之醫療廣告為宣傳，核已違反醫療法第86條規定。,"50,000",醫療法第86條
33,112/10/13,"緣受處分人係「OOOO診所(機構代碼：3501154377)」負責醫師，案係該診所於（一）Facebook帳號「OOOO診所」(網址：https://www.facebook.com/OOOOtw/?locale=zh_TW；本局下載日期：112年7月20日) 刊載內容略以：「... OOOO""六週年""快樂11/1~11/30永恆美診所將舉辦~歡慶雙重奏活動~快與小編一同來歡慶永恆美六週年生日快樂!!活動內容可詳洽診所或私訊小編歐02-28313107 台北市OOOO路一段58號…」；（二）該診所網站（網址：https://wwwOOOOic.com.tw/bulletin_info.php?cid=9&id=141；本局下載日期：112年7月20日)刊載內容略以：「…六週年慶~歡慶雙重奏活動~活動期間：2022/11/01~2022/11/30...…」，以具有意圖促銷之醫療廣告為宣傳，核已違反醫療法第86條規定。","60,000",醫療法第86條
34,112/10/13,"緣受處分人係「OOOO診所(機構代碼：3501154377)」負責醫師，案係民眾反映至該診所治療疑義，本局112年7月31日至該診所現場查察，民眾李O能紀錄表載有「日期：2023/5/4 內容項目：彩衝光or飛梭，10+2 金額：40000」，且療程使用/修護記錄表載有「5/4 彩衝光+術後保濕導入 12-1、6/20 同上 12-2、7/18 飛梭(11050何O瑄用) 12-3、112/7/27 彩衝光+術後保濕導入 12-4...」，112年5月4日收據載有金額40,000元。受處分人負責診所以一次性收取醫療費用預約治療方式，向民眾先收取醫療費用之情事，核已違反醫療法第22條第2項規定。","50,000",醫療法第22條第2項
35,112/10/12,緣受處分人係「OOOO診所（機構代碼：350102G967）」負責醫師，案係該診所於Line 帳號「OOOO診所(LINE ID：@pfl4744a )」與民眾互動內容載有「今天詢問確認預約時間會另外再贈送燃脂療程(加強脂肪破壞+提升代謝 價值4000)」，顯以贈送療程之不正當方式招攬醫療業務，核已違反醫療法第61條第1項規定。,"50,000",醫療法第61條第1項
36,112/10/11,緣受處分人係「OO診所（機構代碼：350102H295）」負責醫師，案係該診所於Facebook帳號「OO診所」（網址：https://www.facebook.com/OOOOosts/pfbid02JyQnQKR27GafUyrp5KkowYp1wXD9Uu2CdgR2CRqk7OOOO1wUE1tLT1xJqUhX6l、https://www.facebook.com/mumakeclinic/posts/pfbid02Ukkt5BGCzL4nv9DVZqDn3K7NkKEvoTitc4NjosyRF8gxaVOOOOLNn3WayBex4l；本局下載日期：112年9月15日）刊登內容略以：「...限時優惠#全臉逆齡方案 海芙音波+肉毒+玻尿酸3 in 1，寵粉價只要X8000...沐美的芭比法令...留言『+1』，取得限時專案資訊!...化身芭比 法令隱形...+1 限時專案」，以暗示贈送、優惠等具有意圖促銷之醫療廣告為宣傳，核已違反醫療法第86條規定。,"50,000",醫療法第86條
37,112/10/06,"受處分人係「OOOO牙醫診所」（機構代碼：3701013759），案係民眾反映於110年12月10日至該牙醫診所接受醫療服務，並繳付醫療費用20萬3,000元，診所未開立收據，經本局稽查人員112年7月28日至該診所現場查察，查有病人陳O仁110年12月10日自費診療計畫書載有治療項目名稱牙套及雷射牙周治療，總計金額20萬3000，收費紀錄載有收費日期110年12月10日及同年12月17日分別收取10萬元及10萬3,000元，惟提供本局查核收據付款性質僅載牙科治療及假牙?復，診所收取醫療費用未按次當日開給載明實際所提供醫療收費項目明細及其金額之收據，核已違反醫療法第22條第1項之規定。",0,醫療法第22條第1項
38,112/10/06,"緣受處分人係「OO牙醫診所(機構代碼：3701105216)」負責醫師，案係衛生福利部112年5月29日抽查受處分人負責診所之病歷資料，查病人張0萍初診病歷(112年3月30日)及王0明初診病歷(112年5月8日)國際醫療方案紀錄表之日期、診斷處置及醫師簽章欄位皆空白未填寫。本局稽查人員於112年6月8日配合衛生福利部至受處分人診所查察，上開病人病歷載有112年3月30日及112年5月8日、5月29日補寫病歷紀錄內容，惟醫師簽章處未加註病歷完成時註明年、月、日。受處分人未督導其所屬醫事人員執行業務時，依規定製作病歷紀錄並簽名或蓋章等，核已違反醫療法第68條之規定。
","10,000",醫療法第68條第1項
39,112/10/06,"緣受處分人係「OOOO診所(機構代碼：3701105216)」負責醫師，案係本局於112年6月8日配合衛生福利部至受處分人負責之診所查察，查有診所大門內掛號櫃檯明顯處及治療室牆面上貼有「評論五星 精美好禮任選3樣 Google搜尋 【OOOO】 五星好評 拿好禮」海報；受處分人診所以優惠、贈送物品暨具有意圖促銷之醫療廣告內容為宣傳，核已違反醫療法第86條規定。

","50,000",醫療法第86條
40,112/09/27,"受處分人係「OOOO醫美診所」（機構代碼：350102E310，負責醫師：蕭O昌），案係民眾徐OO反映至時尚假期醫美診所就醫疑義，並檢附診所開立銷售日期為111年3月23日之單據，記載內容略以：「...矽晶修護-第一堂...矽晶修護-第二堂...矽晶修護-第三堂...二選一年卡(腋除、比除)＄72,000...合計數量：70 應收金額：216,000」云云。本局稽查人員112年8月29日至該診所查核，診所人員表示上開單據為課程明細，診所於病人分次治療結束後再分批開立正式之醫療收據予病人，核已違反醫療法第22條第1項之規定。",0,醫療法第22條第1項
41,112/09/27,"受處分人係「OOOO醫美診所」負責醫師，案係民眾徐OO反映該診所收費疑義，並檢附診所開立銷售日期為111年3月23日之單據，記載內容略以：「...矽晶修護-第一堂...矽晶修護-第二堂...矽晶修護-第三堂...二選一年卡(腋除、比除)＄72,000...合計數量：70 應收金額：216,000 折扣金額：111,001 實付金額：104,999...比基尼除毛年卡可任選腋下打滿24次...」云云。本局稽查人員112年8月29日至該診所查核，診所人員表示上開單據為課程明細，病人於詳閱該診所課程明細後刷卡全額付款，病人分次至診所接受醫療服務。受處分人負責診所以預約治療方式，向民眾先收取醫療費用之情事，核已違反醫療法第22條第2項規定。","50,000",醫療法第22條第2項
42,112/09/27,緣受處分人於Instagram（帳號名稱OOOO）刊登限時動態內容略以：「...這種魔法要拿去宣傳，拜託，就打了我們家音波+肉毒過了三個月效果就這麼好...還不來做小臉魔法，@OOOOic 去了報我的名字有驚喜...。」，經點閱「@OOOOc」連接至「南京小岩井診所」網頁資訊，受處分人非醫療機構，意圖為醫療機構招徠醫療之廣告內容，已違反醫療法第84條規定。,"50,000",醫療法第84條
43,112/09/26,受處分人係「OO中醫診所（機構代碼:3801152100）」負責人，案係本局人員112年8月11日前往該診所查察，查現場2樓作為民俗調理用途，該區域與97年10月1日開業平面圖對照核屬診所核准登記醫療機構之總樓地板面積範圍，復經本局人員同年9月11日前往查察，查核期間於診所2樓見3位推拿師執行推拿，該診所登記事項變更未於事實發生之日起30日內辦理變更登記，核已違反醫療法第15條第1項之規定。,"50,000",醫療法第15條第1項
44,112/09/26,緣受處分人於部落格文章（網址：https:/OOOO1126.blogspot.com/p/bOOOOge.html及https://rOOOO26.blogspOOOOm/p/blog-page_24.html，本局下載日期：112年8月29日）刊登內容略以：「...看診請先來電預約...OO老師門診專線...曾多次受臺灣、香港...等地中醫學單位邀請，舉辦專題講座以及培訓班，傳授診斷理論方法及整複手法...大篇幅提出諸多關於骨肌膜的理論依據，完善真正中醫正骨...發展出獨樹一格的診斷和治療手法脈系。手法運用輕巧，順應人體流動和結構，還原各系統部位，解除病源」，及診所門診時間表，受處分人非醫療機構刊登醫療業務宣稱之廣告內容，核已違反醫療法第84條規定。,"50,000",醫療法第84條
45,112/09/22,受處分人係「OO診所(機構代碼：3501014216)」負責醫師，案係本局查有診所病人沈OO於112年2月1日及陳OO於112年4月18日、5月23日、6月28日分別接受埋線拉提及雷射治療，經檢視沈姓病人麻醉同意書及整形手術同意書無醫師簽章；另為陳姓病人執行雷射之醫師未記載或製作病歷紀錄，受處分人未督導其所屬醫事人員依規定製作病歷紀錄，核已違反醫療法第68條之規定。,"10,000",醫療法第68條第1項
46,112/09/18,緣受處分人係「OOOO診所（機構代碼：3501109630）」負責醫師，於個人instagram（帳號：OOOO）限時動態刊登廣告內容略以：「抽獎活動獎品：iphone15 pro...做過手術的人願意分享自己的心路歷程跟恢復期的樣子...我會從中抽出一個幸運兒!規則:...標記本人和美麗線診所帳號...獎品：iphone15 pro 256GB x1」等，受處分人非醫療機構刊載意圖招徠民眾醫療之廣告，已違反醫療法第84條。,"50,000",醫療法第84條
47,112/09/14,緣受處分人係「OOOO診所（機構代碼：3501109676）」負責醫師，案係該診所於（網址:https://www.instagram.com/OOOOn.tw/、本局下載日期:112年8月23日）刊登內容略以：「......全世界唯一獨家...再生飛彈減重，活化細胞再生減重-減脂療程有:全身減脂激活、...雙重保護兩倍護肝（再加碼$2000減重折價卷1張...）...元氣排毒修復點滴12（免疫、保肝）+12（胺基酸）原價$83000+$42000=$125000再爆驚喜優惠$5000。1.瘦瘦健康福袋（$6999）再生減重1週原價$9999、減醣神丸「速8」原價$1800...3.心肝平安福袋（$5999）養肝點滴2堂原價$9998...PR-RT高效血小板再生療法，誘導超過19生長因子，修復疤痕組織......」，並刊載診所名稱、電話等資訊，以具有意圖促銷之醫療廣告為宣傳，核已違反醫療法第86條規定。,"50,000",醫療法第86條
48,112/09/11,緣受處分人係「OOOO婦幼診所(醫療機構代碼:350102B364)」負責醫師，衛生福利部中央健康保險署111年12月21日來函檢附該診所病人謝O靜110年10月22日剖腹生產說明暨同意書及同年11月8日麻醉說明暨同意書，經檢視其內容皆未載有疾病名稱、建議手術原因、建議手術名稱及建議麻醉方式等欄位項目，核已違反醫療法第63條之規定。,"50,000",醫療法第63條
49,112/09/11,緣受處分人係「OOOO婦幼診所(醫療機構代碼:3501113750)」負責醫師，衛生福利部中央健康保險署111年12月21日來函檢附該診所病人蔡O潔110年11月2日剖腹生產說明暨同意書及同年月日麻醉說明暨同意書，經檢視其內容皆未載有疾病名稱、建議手術原因、建議手術名稱及建議麻醉方式等欄位項目，核已違反醫療法第63條之規定。,"50,000",醫療法第63條
50,112/09/11,緣受處分人係「OOOO診所(醫療機構代碼:3501113929)」負責醫師，衛生福利部中央健康保險署111年12月21日來函檢附該診所病人陳O容110年11月17日剖腹生產說明暨同意書及同年11月22日麻醉說明暨同意書，經檢視其內容皆未載有疾病名稱、建議手術原因、建議手術名稱及建議麻醉方式等欄位項目，核已違反醫療法第63條之規定。,"50,000",醫療法第63條
51,112/09/08,受處分人111年11月6日21時40分於OOOO醫院，以所乘坐之電動輪椅撞擊護理師，長時間跟隨執行醫療業務之護理師，妨礙醫療業務之執行，已違反醫療法第24條第2項規定。,"30,000",醫療法第24條第2項
52,112/09/06,受處分人為「OO診所」負責醫師，案係本局112年6月20日至該診所查察，查有病人俞ＯＯ（病歷號碼：230OOOO）5月諮詢紀錄，其4處諮詢人員欄位中筆跡相異，卻見同位醫師蓋章、唐ＯＯ（病歷號碼：230OOOO）6至7月諮詢紀錄諮詢人員欄位112年6月7日查有F及N、112年7月18日有N之簽名，經112年6月24日書面陳述說明暨112年8月24日本局調查紀錄表坦承屬實。診所未督導其所屬醫事人員於執行醫療業務時親自記載病歷及製作紀錄，核已違反醫療法第68條之規定。,"10,000",醫療法第68條第1項
53,112/08/30,受處分人「OO牙醫診所」（機構代碼：3701113129，負責醫師：林OO），案係民眾反映於112年2月17日、5月25日及6月15日至診所就醫繳付醫療費用，診所無開立醫療收據提供民眾，經受處分人於112年8月22日(本局收文日：112年8月24日)函復本局說明坦承屬實，核已違反醫療法第22條第1項之規定。,0,醫療法第22條第1項
54,112/08/25,緣受處分人係「OO診所（機構代碼：350102F326）」負責醫師，案係該診所於Facebook帳號「OOOO醫美」（網址：https://www.facebook.com/OOOO；本局下載日期：112年8月4日）刊登內容略以：「...采依7月彈潤抗老#奢華大禮包...三區除皺＋金箔胜?＄3600（抬頭紋皺眉紋魚尾紋）肉毒拉提＋金箔胜?＄5888（輪廓線或咀嚼肌）快私訊＠采依醫美...」，以暗示贈送、優惠等具有意圖促銷之醫療廣告為宣傳，核已違反醫療法第86條規定。,"50,000",醫療法第86條
55,112/08/17,受處分人「OOOO外科診所」（機構代碼：350102A910，負責醫師：OOO），案係民眾檢舉及配合中山分局持搜索票，處分機關於112年6月19日及同年7月28日至OOOO外科診所查察。查診所候診區通往門診診療室通道放置1張觀察床，手術室2間內皆堆放雜物、凌亂，病歷堆放於手術室二櫃子及紙箱，核已違反醫療法第24條第1項之規定。,0,醫療法第24條第1項
56,112/08/15,緣受處分人係「OO診所（機構代碼：350102H517）」負責醫師，案係該診所於Facebook帳號「OO診所」（網址：https://www.facebook.com/tOOOO.clinic/posts/pfbid0KsFponYDhmXXpN5bUFES5juUC7XS3us3quEKLPqcgnKrKRCu9ojNNw2ns4ThnXSYl；本局下載日期：112年7月25日）刊登內容略以：「...寵愛媽咪精雕逆齡推薦...獨家好禮贈...媽咪微笑計畫...媽咪美體變身計畫...獨家好禮贈...」，以贈送物品暨具有意圖促銷之醫療廣告為宣傳，核已違反醫療法第86條規定。,"50,000",醫療法第86條
57,112/08/11,緣受處分人「OOOO」，其代表人為OO，案係民眾反映至該法人所屬「OOOO」接受乳房葉狀肉瘤手術，醫院收取特別治療費等云云。受處分人所負責醫療機構擅立收費項目收費之違規情事，核已違反醫療法第22條第2項規定。,"100,000",醫療法第22條第2項
58,112/08/09,緣受處分人「OOOO有限公司」於官網（網址：https://www.aOOOO.com/about；本局下載日期：112年5月1日）刊登內容略以：「...OOOO體系內提供高壓氧艙儀器設備，修復細胞所需營養，幫助傷口修復...雅德思體系內透過口掃機的協助，省去了傳統印模的時間以及不適感...我們擁有超過40位植牙專科醫師...為長期有牙齒困擾的民眾提供全方位的照護服務...服務項目 平價植牙 All-on-4全口重建 全瓷牙冠 陶瓷貼片...免費專線0800-066-086 聯絡地址 台北市大安區OO路一段177號46號B1」，該公司非醫療機構刊登醫療廣告，核已違反醫療法第84條規定。,"50,000",醫療法第84條
59,112/08/09,查OOOO醫院(下稱OOOO醫院)原於臺北市OO區OO路95號一品廳設置精神科日間照護單位(下稱日間照護單位)，該院112年3月24日淨空及拆除既有日間照護單位，將其搬遷至臺北市士林區OO路252號1樓﹙OOOO教育會館中棟1樓﹚收治病患，未向所在地主管機關申請核准登記，遲至112年6月26日始函報本局，核已違反醫療法第23條第4項之規定。,"50,000",醫療法第23條第2項
60,112/08/08,緣係受處分人於網頁「OOOO中心-OOOO專科國際醫療服務」（網址：https:/OOOOa-healthcare.com/portfolio-item/OOOOi-hernia-center/；本局下載日期：112年7月6日）刊載內容略以：「...OOOO中心 林O淯 醫師...前往『台北疝氣手術中心』...預約或諮詢...專科醫療合作單位  OOOO中心...」，經點擊網頁連結「前往OOOO中心」刊載內容略以：「...OOOO手術中心...預約或諮詢...OOOO手術中心 台北：台北市大安區OOOO二段276號...」等宣傳醫療業務達招徠患者醫療為目的之行為，核已違反醫療法第84條規定。,"50,000",醫療法第84條
61,112/08/04,"緣受處分人係「OOO診所（機構代碼：35010OOOO）」負責醫師，案係Instagram帳號「醫美諮詢· JJ（@ OOOO8)」（網址：https://www.instagram.OOOO/；本局下載日期：112年6月17日）刊登廣告內容略以：「『...台北OOOO...4月份還可以預約喔，活動優惠 滿額送玻尿酸或肉毒50u...』、『6月活動優惠價格...鼻線藍鑽骨優惠 6條11990/8條15600...+購除皺1區999/玻尿酸修順2000 不限條數19990/贈一區肉毒+修順鼻型玻尿酸...海芙音波/輪廓線小V臉緊緻...1000條45000贈除皺2區』」，並刊載診所名稱，以具有意圖促銷之醫療廣告為宣傳，經該診所坦承該廣告為其診所新進同仁疏忽所致，核已違反醫療法第86條規定。

","50,000",醫療法第86條
62,112/08/04,受處分人「OO診所」（機構代碼：35011OOOO，負責醫師：周O華），案係民眾於112年5月23日、6月7日至貴診所就醫並繳付醫療費用，其開立收據僅標示「醫美療程」及金額而未載明收費項目，經受處分人112年6月30日前函復說明坦承屬實，核已違反醫療法第22條第1項之規定。,0,醫療法第22條第1項
63,112/08/01,受處分人係「OOOO診所」（機構代碼：350102H179，負責醫師：藍O尹），案係本局112年4月18日至該診所查核，查有受處分人提供病人宋O烈112年3月16日及鄭O琳112年3月9日之醫療收據，未載明收費金額，已違反醫療法第22條第1項之規定。,0,醫療法第22條第1項
64,112/08/01,受處分人係「OOOO診所(機構代碼：35010OOOO)」負責醫師，案係本局人員112年4月18日至該診所查察，查有病人鄭O琳112年4月6日醫師問診紀錄表醫師署名無法辨認，111年12月13日、同年12月27日、112年3月9日護理紀錄表未見醫事人員簽章。病人林O誼醫師問診記錄表111年12月24日無醫師簽章，112年4月8日醫師署名無法辨認。病人宋O烈及林O宏病歷資料未有醫師看診紀錄，療程記錄表分別載有點滴第一劑、點滴第二劑及董博點滴，亦均無可辨識之簽章，核已違反醫療法第68條第1項之規定。,"10,000",醫療法第68條第1項
65,112/07/20,緣受處分人於通訊軟體LINE群組「江O明院長(LineID：OOOO)」刊登廣告內容略以：「減重療程券有《限量開幕價》唷！（一週藥+15針埋線）限量優惠價/單次1000元/10次6300元。之後價格恢復/單次1000元/10次8000元/。數量有限售完為止。單純減重藥一週500元，單純埋線一次15針600元。」等宣傳醫療業務，招徠患者之醫療廣告，已違反醫療法第84條。,"50,000",醫療法第84條
66,112/07/19,緣受處分人係「OOOO診所(機構代碼：3501OOOO2)」負責醫師，案係該診所（一）於Facebook帳號「OOOO美學」(網址：https://www.facebook.com/OOOOp?id=100086496111728；本局下載日期：112年6月2、5日) 刊載內容略以：「... 母親節優惠16888 請立即私訊小編、初樂極緻美學?魔纖活妍方案 ... 超值1+1、母親節4D真 童妍拉提套組...購買套組即贈『#肉毒輪廓拉提』乙次、奢美御顏計畫 / 拉提微整...限時優惠>>活動至5/13結束…本來想要割雙眼皮，沒想到鳳凰電波打完後，雙眼皮就跑出來了…」；（二）於Instagram帳號「OOOO美學（@trueloveeOOOOuty)」（網址：https://www.instagram.com/truelOOOObeauty/；本局下載日期：112年6月2、5日)刊載內容略以：「…全台最狂醫美週年慶、珍愛價、鳳凰電波900發《好禮3選1：童顏針/音波300/玻尿酸》、增肌減脂 (8)堂《贈 G動椅 1堂》、探索極緻皮秒 4＋1堂《贈 M22網美濾鏡 2堂》…」；（三）於通訊軟體LINE「初樂極緻美學診所旗艦館(ID：@OOOO)」刊載略以：「…10月周年慶 週年慶早鳥超值方案......現金回饋5%...現金回饋7%...現金回饋10%、週五專屬...回饋 網美濾鏡彩衝光M22、週年慶回饋 76888...贈肉毒除皺、初樂極致保濕修護面膜5片...16888...贈初樂極致保濕修護面膜2片、杏仁酸換膚亮白療程、32888...贈初樂極致保濕修護面膜15片、肉毒除皺…」，以優惠、贈送物品暨具有意圖促銷之醫療廣告為宣傳，核已違反醫療法第86條規定。,"70,000",醫療法第86條
67,112/07/17,緣受處分人係「OOO牙醫診所（機構代碼：3701028429）」負責醫師，案係該診所於委託OOOO生技公司於Dcard「SOVxDcard隱形牙套體驗日-牙齒矯正版｜Dcard」（網址：https://www.dcard.tw/f/orthodontics/p/241627064?cid=A1F927AA-8B23-4A95-91D2-FDFCC3BB3012；本局下載日期：112年5月18日）刊登內容略以：「...SOV X Dcard 隱形牙套體驗日...【體驗禮】單排牙齒噴砂美白...【正式矯正規格】全口矯正：16-18萬局部矯正：9萬9貼片：上排6顆10萬  【體驗專屬】 1.本次活動體驗參加者，牙套費用可享【SOV x Dcard體驗日專案價】 2.完成活動體驗並回填心得者， Dcard贈送711電子禮券$500元.....」，以具有意圖促銷之醫療廣告為宣傳，核已違反醫療法第86條規定。,"50,000",醫療法第86條
68,112/07/17,緣受處分人係「OO復健科診所（機構代碼：3501195369）」負責醫師，案係民眾陳情OO復健科診所張貼廣告單內容略以：「開幕慶1.即日起至8/31止掛號費（free）!2.提供35歲以上成人檢測骨密度乙次3.提供15歲以下孩童檢測骨齡乙次」，經本局人員於112年6月12日現場查察，旨揭廣告單張張貼於入口處玻璃門上，並刊載診所名稱、地址、預約電話等資訊，以具有意圖促銷之醫療廣告為宣傳，核已違反醫療法第86條規定。,"50,000",醫療法第86條
69,112/07/07,"緣受處分人係「OOOO診所（機構代碼：350102G092）」負責醫師，案係該診所於Facebook帳號「KBeauty 時尚美學診所」（網址：https://www.facebook.com/story.php?story_fbid=pfbid031E L5io2Pt7QQcBNR897eqmc32
nXkj78Z4dQZwzNu7fkP8V1oG5pqozH9m Zveu92ul&id=100021299197421&mibextid=Nif5oz&_rdr；本局下載日期：112年3月20日）刊登內容略以：「......海菲秀X肉毒2999...海菲秀...加贈肉毒...」，並刊載診所名稱、地址及電話等資訊，以具有意圖促銷之醫療廣告為宣傳，核已違反醫療法第86條規定。","50,000",醫療法第86條
70,112/07/05,受處分人為「OOOO」(機構代碼:0501OOOO4)，案係該機構所屬醫師於112年3月4日執行病人吳OO腎臟摘除手術，遲至112年4月20日始完成將前開日期之手術紀錄登載於電子病歷。受處分人未督導所屬醫事人員於執行業務時，即時詳實記載病歷或製作紀錄，核已違反醫療法第68條規定。,"10,000",醫療法第68條第3項
71,112/07/03,緣受處分人係「OOOO診所」負責醫師，經本局於112年4月18日派員至OOOO診所查察，查獲病患張ＯＯ於111年12月3日接受羅ＯＯ醫師施行中臉部拉皮手術，惟查該診所於112年5月31日方取得本局核准登記施行該項手術項目。該診所未經主關機關核准登記，即施行特定美容醫學手術，核已違反特定醫療技術檢查檢驗醫療儀器施行或使用管理辦法第4條及醫療法第62條第2項規定。,"50,000",醫療法第62條第2項
72,112/06/30,"受處分人「OOOO牙醫診所」（機構代碼：3701173901，負責醫師：	林O），案係民眾反映於111年9月27日、112年3月20日至診所就醫繳付醫療費用，診所無開立醫療收據提供民眾，經受處分人於112年6月21日函復本局說明坦承屬實，核已違反醫療法第22條第1項之規定。",0,醫療法第22條第1項
73,112/06/30,"緣受處分人係「OOOO診所（機構代碼：35011OOOO）」負責醫師，案係該診所於（網址:https://www.101beauty.com/MotherDay/index.html、本局下載日期:112年5月11日）刊登內容略以：「...好姊妹2人同行一起變美麗：鳳凰電波（450發）+Q+音波（200條）&鳳凰電波（450發）+Q+音波（200條）=88,000、電音雙波&針劑-輪廓塑型：Q+音波/1條50、鳳凰電波（900發）/78,000...」，並刊載診所名稱、網址等資訊，以具有意圖促銷之醫療廣告為宣傳，核已違反醫療法第86條規定。","50,000",醫療法第86條
74,112/06/27,緣受處分人係「OO牙醫診所（機構代碼：3701192559）」負責醫師，案係民眾反映該診所於門外懸掛優惠廣告之紅布條，經本局稽查人員112年6月6日至該診所查察，診所外電視及門口懸掛紅布條皆刊有「新開幕免費植牙諮詢、再贈送精美旅行潔牙組」，以具有意圖促銷之醫療廣告為宣傳，核已違反醫療法第86條規定。,"50,000",醫療法第86條
75,112/06/20,"緣受處分人係「OO診所（機構代碼：350110A173）」負責醫師，案係該診所於Line帳號「OOxOO台北門診(LINE ID:@wee_taipei )」刊載內容略以：「OO儲值回饋活動，儲50,000贈2,000，儲80,000贈5,000，儲120,000贈 12,000，當日儲值可直接折抵5月限定」，並刊載診所名稱、地址及電話等資訊，以具有意圖促銷之醫療廣告為宣傳，核已違反醫療法第86條規定。","50,000",醫療法第86條
76,112/06/19,受處分人係「OOOO診所（機構代碼: 3501105605）」負責醫師，案係本局於111年11月1日至受處分人診所執行美容醫學服務專案稽查，查有自111年4至5月間設置9張觀察病床，與本局原核准登記6張觀察床不相符，該診所登記事項變更未於事實發生之日起30日內辦理變更登記，核已違反醫療法第15條第1項之規定。,"50,000",醫療法第15條第1項
77,112/06/16,緣受處分人係「OOOO診所（機構代碼：3501108197）」負責醫師，案係該診所於「OOOO集團」Facebook（網址：https://www.facebook.com/OOOO/?locale=zh_TW；本局下載日期：112年5月11日）刊登內容略以：「...透過G緊雷射不僅可改善私密處問題...生活不再澀澀拘謹...任何療程滿萬（禮物圖）私密緊緻凝膠6支...」，並刊載診所名稱、地址及電話等資訊，以具有意圖促銷之醫療廣告為宣傳，核已違反醫療法第86條規定。,"50,000",醫療法第86條
78,112/06/05,受處分人「OOO牙醫診所」（機構代碼：3701013419，負責醫師：段O琦），案係民眾反映該診所開立收據疑義，經本局查察該診所病人陳OO 112年4月20日門診收據，未載明醫療項目明細，核已違反醫療法第22條第1項之規定。,0,醫療法第22條第1項
79,112/05/26,受處分人係「OOO整形外科診所（機構代碼：350102F862）」負責醫師，案係該診所於Line 帳號「OOO整形外科診所(LINE ID：@drqueen )」刊登內容略以：「...《重磅母親節優惠》OOO整形外科診所...五月母親節活動...BOTOX肉毒小腿 第二瓶9折......」，並刊載診所名稱，以具有意圖促銷之醫療廣告為宣傳，核已違反醫療法第86條規定。,"50,000",醫療法第86條
80,112/05/22,"緣受處分人係「OOOO診所（機構代碼：350102OOOO）」負責醫師，案係該診所網頁（網址：https://www.facebook.com/OOOOse，本局下載日期：112年4月26日）刊登醫療廣告內容略以：「...海菲秀3堂肉毒除皺1部位 9,999...私訊『靚編+1』 更多寵愛方案...海菲秀 正宗水飛梭 2,999...海菲秀 3堂＋全臉皮秒 1堂 8,999...歡迎私訊更多海菲秀方案...」，等內容，以暗示贈送、優惠等文字刊登具有意圖促銷之醫療廣告，核屬以不正當方式宣傳醫療業務，已違反醫療法第86條規定。","50,000",醫療法第86條
81,112/05/18,受處分人係「OOO診所(機構代碼：3501186208)」負責醫師，經本局人員111年12月19日至該診所查察，查有病人葉OO 111年11月24日、蔡OO 111年11月22日、葉OO 111年11月26日之病歷紀錄未有執行眼壓檢查之護理人員簽名或蓋章，核已違反醫療法第68條第1項之規定。,"10,000",醫療法第68條第1項
82,112/05/18,受處分人「OOOO診所」（機構代碼：350101OOOO，負責醫師：方O涵），案係本局稽查人員112年4月18日至OOOO診所查察，查有病人張OO 111年11月23日及同年12月2日門診醫療費用收據，未載明收費項目明細，核已違反醫療法第22條第1項之規定。,0,醫療法第22條第1項
83,112/05/17,受處分人係「OOOO醫院」負責醫師，查該院神經科自112年3月2日起無專科醫師執業登記，遲至112年4月24日(本局收文日)向本局申請註銷該科別，距事實發生之日已逾30日，違反醫療法第15條第1項之規定。,"50,000",醫療法第15條第1項
84,112/05/16,受處分人111年7月8日7時15分於OOOO醫院，因細故與急診室護理師發生爭執，在急診室內以「白癡」、「有病」等語辱罵護理師，妨礙醫療業務之執行，已違反醫療法第24條第2項規定。 ,"30,000",醫療法第24條第2項
85,112/05/09,受處分人係「OOOO診所」負責醫師，案係民眾反映該診所收費疑義，並檢附112年1月10日該診所開立之收據影本及111年12月27日手術預約單影本各一份，收據內療程項目填寫為「手術費」，金額為「共42萬（含訂金12萬）」，手術預約單預繳現金欄位記載「訂金20000 尾400000現金 1/7尾100000 300000」。受處分人負責診所以預約治療方式，向民眾先收取醫療費用之情事，核已違反醫療法第22條第2項規定。,"50,000",醫療法第22條第2項
86,112/05/08,受處分人為「OO診所」負責醫師，本局稽查人員於110年9月23日至松德診所進行實地稽查管制藥品管理情形，查有病人李OO等6位之110年1月3日至110年9月27日間多筆病歷紀錄及處方箋無醫師簽名或蓋章等情，受處分人未督導所屬醫事人員於執行業務時，親自記載病歷並簽名或蓋章，已違反醫療法第68條第1項之規定。,"10,000",醫療法第68條第1項
87,112/05/02,受處分人係「OOO診所（機構代碼:3501109032）」負責醫師，案係本局111年10月24日派員前往該診所查察，查有現場設置手術台2台、觀察床10床，與本局109年1月15日核准變更登記手術台1台、觀察床9床不相符，該診所登記事項變更未於事實發生之日起30日內辦理變更登記，核已違反醫療法第15條第1項之規定。,"50,000",醫療法第15條第1項
88,112/05/02,受處分人為「OOO診所」負責醫師，案係本局人員於111年10月24日至該診所查察，查獲病人巫O瑋、馬O宇111年10月20日病歷「看診紀錄單」之「醫師」欄位無醫師簽名或蓋章等情，該診所未督導所屬醫事人員於執行業務時，親自記載病歷並簽名或蓋章，已違反醫療法第68條第1項之規定。,"10,000",醫療法第68條第1項
89,112/05/01,"緣受處分人係「OOOO牙醫診所（機構代碼：37010OOOO）」負責醫師，案係該診所於「 OOOO牙醫診所∣OOOO牙醫(@OOOOire.dental)」Instagram（網址：https://www.instagram.com/p/OOOOEti/；本局下載日期：112年4月6日）刊登內容略以：「...現在報名即享 快速矯正...小資專案100,000起...lesourire.dental 政府送6000，從心再推小資專案!...名額有限，趕快私訊小編看額滿了沒!...」，以具有意圖促銷之醫療廣告為宣傳，核已違反醫療法第86條規定。","50,000",醫療法第86條
90,112/05/01,受處分人111年3月30日13時20分於OOOO醫院，因不滿護理師及其他護理人員要求其耐心等候，將護理師提供之文具丟擲在地，在上前與護理師理論時徒手推護理師，妨礙醫療業務之執行，已違反醫療法第24條第2項規定。,"22,000",醫療法第24條第2項
91,112/05/01,受處分人111年10月1日2時13分於OOOO醫院，以大聲叫囂、肢體接近及揚言提告等方式，妨礙臺OOOO醫院急診部醫師執行醫療業務，已違反醫療法第24條第2項規定。,"30,000",醫療法第24條第2項
92,112/04/21,緣受處分人係「OO牙醫診所（機構代碼：370102OOOO8）」負責醫師，案係該診所於Facebook帳號「OOOO診所-OOOO」（網址：https://www.facebook.com/cOOOOental；本局下載日期：112年3月29日）刊登內容略以：「...加OOOOLine(ID23694567)看牙送潔牙旅行組 詳細洽OOOO10週年慶 2023/01/09開始發送1000組，送完為止...」，並刊載診所名稱、地址及電話，以不正當方式招攬醫療業務，核已違反醫療法第61條第1項規定。,"50,000",醫療法第61條第1項
93,112/04/19,受處分人110年11月9日6時於OOOO醫院，因不滿護理師未及時更換尿壺，在急診室內辱罵該護理師「幹，長得一副豬臉」等語，並以腳踹該護理師腰部，妨礙醫療業務之執行，已違反醫療法第24條第2項規定。 ,"30,000",醫療法第24條第2項
94,112/04/18,"受處分人係「	OOOO診所（機構代碼:3501OOOO）」負責醫師，案係本局稽查人員於111年8月31日至診所查察，查有現場未設有觀察病床，經查衛生福利部醫事管理系統與本局111年1月7日核准開業登記事項2張觀察病床不符，未向本局辦理醫療機構事項變更。本局於112年2月16日至診所複查，現場仍未設有觀察床，該診所登記事項變更未於事實發生之日起30日內辦理變更登記，核已違反醫療法第15條第1項之規定。","50,000",醫療法第15條第1項
95,112/04/18,"受處分人係「OOOO診所（機構代碼:3501OOOO7）」負責醫師，本局稽查人員111年8月31日至診所現場查察，查有病人林O柔111年6月25日、7月14日購買明細表分別載有儲值金1,500元及3萬1,950元、8月17日購買明細表載有6月25日支付現金1,500元及7月14日支付現金3萬1,950元，前開事項與診所代理人111年9月13日至本局所說明內容及檢附111年7月14日醫療費用收據，其載有手術費(術前檢測評估)3萬3,450元不一致，診所於同年8月17日為病人林O柔執行抽脂補胸療程，卻於111年6月25日收取訂金1,500元；另111年5月17日向病人林O珍收取海菲秀療程3堂費用5,997元，病歷紀錄分別於111年5月17日及8月26日施行前開治療。受處分人負責診所以事先收取醫療費用預約治療，實屬擅立收費項目收費，核已違反醫療法第22條第2項規定。","50,000",醫療法第22條第2項
96,112/04/07,受處分人111年7月10日20時50分於OOOO醫院，因與該院護理師對病患之照護意見分歧而發生紛爭，持椅子作勢攻擊護理師，並以言詞恫嚇護理師，妨礙醫療業務之執行，已違反醫療法第24條第2項規定。 ,"30,000",醫療法第24條第2項
97,112/04/06,受處分人因COVID-19確診於110年6月2日凌晨至OOOO醫院OO院區急診外隔離組合屋之隔離病房接受治療，同日3時40分擅自離開隔離病房，並以強暴方式妨害醫事人員執行醫療業務及毀損隔離組合屋之大門玻璃，已違反醫療法第24條第2項規定。 ,"27,000",醫療法第24條第2項
98,112/03/30,受處分人111年8月10日16時10分於OOOO醫院OO院區，無故出拳毆打護理師，造成護理師受有傷害，妨礙醫療業務之執行，已違反醫療法第24條第2項規定。 ,"30,000",醫療法第24條第2項
99,112/03/29,受處分人110年11月21日5時30分於OOOO醫院，推擠護理師、抓住護理師手臂並掐捏，致護理師無法執行醫療業務且受有右前臂鈍挫傷之傷害，妨礙醫療業務之執行，已違反醫療法第24條第2項規定。 ,"20,000",醫療法第24條第2項
100,112/03/28,受處分人為「OO診所(機構代碼：35011OOOO)」負責醫師，所屬診所護理人員於112年1月11日原應為民眾施打肌肉鬆弛劑，惟診所護理人員為上開民眾施打德莫德納次世代BA.4/5疫苗，造成疫苗接種異常事件。該診所未善盡醫療上必要之注意，未善盡督導所屬醫事人員依法規規定執行業務之責，核已違反醫療法第57條第1項規定。,"50,000",醫療法第57條
101,112/03/27,"緣受處分人係「OO診所（機構代碼：350110OOOO）」負責人，案係民眾檢舉該診所於FB帳號「OO診所」（網址：https://www.facebook.comOOOOnic/）；本局下載日期：112年2月22日）刊登內容略以：「...第三代海芙音波
，全臉不限部位，新客體驗3999...亞歷山大雷射除毛，首次體驗不限發數499起...」，並刊載診所名稱，以具有意圖優惠之醫療廣告為宣傳，核已違反醫療法第86條規定。","50,000",醫療法第86條
102,112/03/21,緣受處分人所屬醫院（OOOO醫院）護理人員於112年2月22日以莫德納次世代BA.4/5疫苗接種於預約NOVAVAX疫苗之民眾。該醫院未善盡醫療上必要之注意，未善盡督導所屬醫事人員依法規規定執行業務之責，核已違反醫療法第57條第1項規定。,"50,000",醫療法第57條
103,112/03/17,緣受處分人係「OOOO診所（機構代碼：350102G056）」負責醫師，案係該診所於LINE帳號「OOOO診所」刊登內容略以：「...喜顏下午茶...肉毒1U 88...肉毒40U 3388...我要諮詢喜顏下午茶專案」，核已違反醫療法第86條規定。,"50,000",醫療法第86條
104,112/03/14,受處分人110年9月14日11時於OOOO醫院加護病房外走廊，因護理師告以新冠肺炎疫情期間，依規定不得探病後，以裝有消毒用酒精之噴霧器，朝護理師臉部噴灑攻擊後離去，妨礙醫療業務之執行，已違反醫療法第24條第2項規定。 ,"30,000",醫療法第24條第2項
105,112/03/14,受處分人「OO牙醫診所」（機構代碼：3701OOOO，負責醫師：林O生），案係民眾反映於111年12月5日至診所看診，診所無開立醫療收據提供民眾，經受處分人於112年3月3日至本局說明坦承屬實，核已違反醫療法第22條第1項之規定。,0,醫療法第22條第1項
106,112/03/14,緣受處分人為「OO耳鼻喉科診所」負責醫師，該診所護理人員於112年2月7日原應為民眾施打莫德納次世代BA.4/5疫苗，惟診所護理人員為上開民眾施打標示效期為2023/2/6之莫德納次世代BA.4/5疫苗，造成1人接種逾期疫苗事件。該診所未善盡醫療上必要之注意，未善盡督導所屬醫事人員依法規規定執行業務之責，核已違反醫療法第57條第1項規定。,"50,000",醫療法第57條
107,112/03/09,"緣受處分人「OOOO」，本局稽查人員於112年1月16日至本市OO區OO路4段64號6樓查見該企業社營業場所大門入口處客人等候區牆面張貼海報刊登「進行客製化的療程，有效率地塑造理想身材於完整療程4次後，平均可增加16%的肌肉厚度予減少19%的脂肪厚度」並刊載有療程4次、2週完成療程效果與比較之前後影像，受處分人刊登醫療廣告，核已違反醫療法第84條規定。
","50,000",醫療法第84條
108,112/03/08,"受處分人係OOOO外科診所（機構代碼：35010OOOO）負責人，案係本局分別於111年10月25日、111年11月2日至該診所查察，經檢視病人蔡O希病歷紀錄及醫療費用收據，該員分別於111年8月15日、8月24日及9月1日接受醫療服務，惟該診所於110年3月13日及3月15日預先收取金額20,000元及40,000元；該診所以預先收取醫療費用後，預約治療之擅立收費項目方式進行服務，核已違反醫療法第22條第2項規定。","50,000",醫療法第22條第2項
109,112/03/07,受處分人110年11月11日9時25分於OOOO醫院OO院區，因對醫療人員以棉花棒提取鼻腔黏膜之篩檢動作不滿，遂於篩檢過程中出言辱罵，又不滿護理師之告誡，向護理師咆哮並欲作勢毆打，過程中亦踢倒醫院之椅子，妨礙醫療業務之執行，已違反醫療法第24條第2項規定。,"30,000",醫療法第24條第2項
110,112/03/03,受處分人110年6月5日15時50分於OOOO醫院OO院區病房，因住院時擅自拿取隔壁病床之氧氣面罩，遭值班醫師及護理師阻止，除出言向2人辱稱白痴等語外，並徒手揮擊醫師之右手臂，另以腳踢護理師之右小腿，妨礙醫療業務之執行，已違反醫療法第24條第2項規定。 ,"20,000",醫療法第24條第2項
111,112/02/23,案係民眾反映受處分人所屬「OOOO醫院」指名劉O民醫師進行婦科子宮肌瘤手術，醫院收取指名費6萬5000元。受處分人所屬醫療機構擅立收費項目收費之違規情事，核已違反醫療法第22條第2項規定。,"50,000",醫療法第22條第2項
112,112/02/22,緣受處分人係「OOO診所（機構代碼：35010OOOO）」負責醫師，案係該診所於網頁「OOO診所」（網址：https://www.eternal-OOOOic.com/testimonial/kol-sharOOOOer-gigigggggg5555/；本局下載日期：112年1月30日）刊登內容略以：「...來分享一下上次去恆美學體驗了『肌動減脂』的療程！...恆美學診所現在有很多的優惠方案!...有任何預約諮詢的都可以加官方LINE好友直接詢問喲!...」，並刊載診所名稱、地址及電話，以具有意圖促銷之醫療廣告為宣傳，核已違反醫療法第86條規定。,"50,000",醫療法第86條
113,112/02/20,受處分人係「OOO牙醫診所（機構代碼：3701192531）」負責醫師，案係該診所於Line 帳號「OOO牙醫診所(LINE ID:OOO牙醫診所 @cynosure)」刊登內容略以：「...1000元抵用券，僅限北極星牙醫診所自費項目1萬元（含）以上折抵使用，【加碼送您1000元好禮】...」，並刊載診所名稱，以具有意圖促銷之醫療廣告為宣傳，核已違反醫療法第86條規定。,"50,000",醫療法第86條
114,112/02/18,"緣係受處分人於個人抖音帳號「dr.chu.nosejob朱OO醫師鼻整形」（網址：https://www
.tiktok.com/@OOOOsejob?lang=zh-Hant；本局下載日期：112年1月4日）刊載「卡麥拉兩段式隆鼻，改三段結構...三段結構式隆鼻(自體肋.耳軟骨...」等病人術前術後對比影像，為宣傳醫療業務之醫療廣告，核已違反醫療法第84條規定。","50,000",醫療法第84條
115,112/02/16,"緣受處分人係「OOOO診所（機構代碼：35010OOOO）」負責醫師，案係該診所以贈送療程方式邀請網路社群媒體經營者郭O晶於Facebook帳號「I'm狼晶晶」（網址：https://www.facebook.com/OOOO006664237/posts/pfbid02Eg2Kfaoj23E1Qm9DiwnbeccKHZodFz14ghh2mHvcAmvEN2dU3E3SvP5zHwewSjkml/；本局下載日期：111年11月16日）刊登廣告內容略以：「...年前悄悄變美_進廠維修專案 想知道我的美麗價格：https://reurl.cc/gQ02Q7 OOOO線上客服：https://goo.gl/EZDGgb...」，並刊載診所名稱，以具有意圖促銷之醫療廣告為宣傳，核已違反醫療法第86條規定。

","50,000",醫療法第86條
116,112/02/14,OOOO診所(機構代碼：380OOOO6)於111年8月2日經本局核准開業，受處分人係該診所負責醫師，案係民眾反映該診所有非醫事人員執行調劑之情事，經本局人員112年1月12日至現場查察，經受處分人坦承屬實。經查衛生福利部醫事管理系統，該診所員工黃莞扉未具藥事人員資格，受處分人容留未具藥師資格者執行調劑之情事，核已違反醫療法第57條第2項規定。,"50,000",醫療法第57條
117,112/02/13,受處分人係「OOOO診所（機構代碼：35011OOOO）」負責醫師，案係該診所於Line帳號「OOOO診所-台北旗艦館」(LINE ID:OOOO診所 @tOOOOconi；本局下載日期:112年1月30日)刊載內容略以：「開工送紅包當日限定1/28...凡當日預約到店，不限新舊客，即可抽紅包乙個...通通有獎∣現場還有加碼好禮送不完...」，以具有意圖促銷之醫療廣告為宣傳，核已違反醫療法第86條規定。,"50,000",醫療法第86條
118,112/02/13,"受處分人係「OOOO診所 」（機構代碼：35010OOOO）負責人，本局稽查人員於111年11月9日至該診所執行111年度提供美容醫學服務診所之專案稽查，經本局檢視診所提供病人林OO等2人預收款記錄單、醫療費用收據及病歷紀錄，診所分別於111年8月27日向病人林OO 收取金額海芙音800條1萬元，於111年11月1日執行前開療程，111年9月28日向病人王OO收取金額海芙因波拉皮單條及消脂針身體1巴掌5,000元，於10月4日施行前開治療。受處分人負責診所以事先收取醫療費用預約治療，實屬擅立收費項目收費，核已違反醫療法第22條第2項規定。","50,000",醫療法第22條第2項
119,112/02/10,緣受處分人係「OOOO牙醫診所（機構代碼：370115OOOO）」負責醫師，案係民眾反映該診所於門外懸掛優惠廣告之紅布條，經本局稽查人員111年12月30日至該診所查察，診所門口跑馬燈及懸掛紅布條皆刊有「...開幕期間免掛號費及各項優惠...」，以具有意圖促銷之醫療廣告為宣傳，核已違反醫療法第86條規定。,"50,000",醫療法第86條
120,112/02/09,受處分人「OOO診所」（機構代碼：35010OOOO，負責醫師：林O安），案係本局111年10月17日派員至該診所查核，經檢視該診所詹O霖111年10月3日、鄒O庭111年9月19日、許O琦111年9月2日之醫療費用收據，未載明收費項目明細，已違反醫療法第22條第1項之規定。,0,醫療法第22條第1項
121,112/02/09,受處分人為「OOO診所」負責醫師，案係本局111年10月17日至該診所查察，經檢視該診所提供之病歷紀錄，查有病人詹O霖111年10月3日抽脂手術紀錄單、鄒O庭111年9月19日抽脂手術紀錄單及111年9月19日臉部手術紀錄單、許O琦111年9月2日抽脂手術紀錄單之護理人員簽名欄皆僅簽署「珮」；病人鄒O庭111年9月19日麻醉紀錄單之醫師簽名欄僅簽署「Dr.林」。該診所未督導醫事人員於病歷親自簽具全名或蓋章，核已違反醫療法第68條之規定。,"10,000",醫療法第68條第1項
122,112/02/08,緣受處分人係「OO牙醫診所（機構代碼：37010OOOO）」負責醫師，案係該診所於Facebook帳號「莊醫師好周道-微光牙醫」（網址：https://www .facebook.com /OOOOuang；本局下載日期：112年1月18日）刊登內容略以：「...微光開業以來的第一個新春優惠!...新春美白優惠 即日起施行診間美白(雷射美白+冷光美白)，可以半價購買居家美白...」，經點擊連結，查有網頁(網址：https://www.OOOOi.com/post/%E6%96%B0%E6%98%A5%E7%BE%8E%E7%99%BD%E5%84%AA%E6%83% A0?fbclid=IwAR1o4CEfSeMLwh4DA4h3j2plRNlyCuklbwD6Lhu94Id2cDSdSiW3OC0YBMY；本局下載日期：112年1月18日）刊登內容略以：「...新春美白優惠即日起施行診間美白(雷射美白+冷光美白)，可以半價購買居家美白，讓你的美白效果像可愛的小白兔一樣一直白下去...」，以具有意圖促銷之醫療廣告為宣傳，核已違反醫療法第86條規定。,"60,000",醫療法第86條
123,112/02/03,"案係民眾反映OO牙醫診所未依規定開立收據，經本局查察病人林OO病歷資料及收費單，查有診所提供醫療服務及收取醫療費用如下：111年5月11日假牙釘柱及右上門牙牙冠增長術收取3,000元及8,000元；5月25日臨時假牙收取2,000元；6月4日假牙冠收取14,500元；7月9日假牙釘柱收取5,000元及10月12日假牙冠收取27,000元，收取醫療費用未按次當日開給載明收費項目及金額之收據，僅於111年6月4日及同年10月12日一次性開立醫療費用明細收據22,500及32,000元，核已違反醫療法第22條第1項之規定。",0,醫療法第22條第1項
124,112/02/01,受處分人係OOOO診所（機構代碼：35011OOOO）負責人，案係財政部臺北國稅局函轉民眾檢舉該診所未開立收據，經本局查有病人梁OO消費紀錄表載有「109.11.30預購週慶皮秒(蜂巢)+導入X8堂補差價金額35000」，其病歷「雷射療程紀錄表」載有109/10/1、109/12/12、110/2/27、110/4/23、110/7/29、110/12/3至111/4/23、111/6/17執行8-1至8-8共8次皮秒(蜂巢)+導入療程，該診所以收取一筆醫療費用預約治療之擅立名目收費，核已違反醫療法第22條第2項規定。,"50,000",醫療法第22條第2項
125,112/02/01,受處分人為「OOOO診所」負責醫師，案係財政部臺北國稅局函轉民眾檢舉該診所未開立收據，本局稽查人員於111年11月16日至該診所查察，查獲病人梁OO 110年7月29日至111年9月17日間病歷之療程紀錄單 「醫師」欄位無醫師簽名或蓋章、「護理人員」欄位未載明護理人員簽章及病人柯OO、梁OO病歷之雷射療程紀錄表「服務人員」欄位未載明醫事人員簽章等情，受處分人所負責醫療機構未督導所屬醫事人員於執行業務時，親自記載病歷並簽名或蓋章，已違反醫療法第68條第1項之規定。,"10,000",醫療法第68條第1項
126,112/01/31,"緣受處分人係「OO診所（機構代碼：3501OOOO）」負責醫師，案係該診所以贈送療程及團購等方式邀請網路社群媒體經營者傅O嫺於Instagram（網址：https://www.instagram.com/p/CjAxui7PzYy/?igshid=YmMyMTA2M2Y%3Dhttps%3A%2F%2Fshop.belleviespa.com.tw%
2Fproduct%2F%E3%80%90nina%E5%B0%88%E5%B1%AC%E2%80%A6；本局下載日期：111年10月12日）刊登廣告內容略以：「...這是我第一次體驗水飛梭 聽說#耐斯診所的機器是水飛梭界愛馬仕...【療程簡介】卸妝潔顏→水飛梭→QQ軟膜保濕導入(團購加贈)...這次幫大家爭取到的是單次體驗價 還有加贈保濕導入的QQ軟膜保養課程...索取體驗優惠歡迎點擊限動精選內的連結或是私訊我拿優惠~活動只到10/5要把握唷...#醫美...＃水飛梭...＃海菲秀...」，並刊載診所名稱，以具有意圖促銷之醫療廣告為宣傳，核已違反醫療法第86條規定。","50,000",醫療法第86條
127,112/01/18,"緣受處分人係「OOOO診所（機構代碼：35010OOOO）」負責醫師，案係該診所於Facebook帳號「OOOO診所」（網址：https://www.facebook.com/OOOOd=533825115422044&set=pb.100063836801978.-2207520000.；本局下載日期：112年1月3日）刊登內容略以：「...聖誕限定美顏 2022/12/01...2022/12/31...擊敗黑色素 皮秒三堂 $16,800 加購 深層補水導入 $600...」，並刊載診所名稱，以具有意圖促銷之醫療廣告為宣傳，核已違反醫療法第86條規定。
","50,000",醫療法第86條
128,112/01/09,"緣受處分人係「OO診所（機構代碼：3501196106）」負責醫師，案係該診所於Google maps網站(網址：https://www.google.comOOOOe/可為診所/@OOOO,121.5053433,15z/data=!4m4!3m3!1s0x0:0xdd2e332aOOOO11m1!2e1;本局下載日期：111年12月21日)刊登內容略以：「…肝膽腸胃一般內科…來診即招待健康檢查...」，並刊載診所名稱，及診所門口懸掛布條刊有「可為診所肝膽腸胃/內科，來診招待健康檢查」，以具有意圖促銷之醫療廣告為宣傳，核已違反醫療法第86條規定。","60,000",醫療法第86條
129,112/01/06,緣係民眾反映受處分人於Facebook「減重_新陳代謝專科_邱O博醫師」（網址：https://www.facebook.com/OOOO；本局下載日期：111年12月20日）刊載內容略以：「...目前在台上市腸泌素針劑有 4 種單方製劑，分別是#易週糖、#胰妥讚、#胰妥善、#善纖達...減重不只是看體重機上的數字減少，更重要的是能夠健康、有效、安全的減重。如果你有任何減重問題，歡迎找邱勝博醫師聊聊!...」，並於該廣告下方留言處刊載：「有減重或是控糖的困擾，可以加官方Line好友https://lin.ee/ta1d0KG」、「歡迎加入台北享新代診所官方line喔！」等宣傳醫療業務，核已違反醫療法第84條規定。,"50,000",醫療法第84條
130,112/01/06,緣受處分人係「OO診所（機構代碼：3501OOOO）」負責醫師，案係該診所於「OO診所 Dr.meemee」Facebook（網址：https://www.facebook.com/OOOO；本局下載日期：111年12月16日）刊登內容略以：「...2022週年慶預告！即將迎來OO診所2022週年慶啦！?11月開跑? 這次便宜到小編自己都買好幾組XD！太便宜了！等不急要跟各位水水分享，偷偷先透露一部份～噓 肉毒小臉x3堂 12XXX 肉毒x3瓶 41XXX 海芙音波500條 27XXX 海芙音波1000條 50XXX...～2022最便宜～...」，並刊載貴診所電話、地址、營運時間等資訊，以具有意圖促銷之醫療廣告為宣傳，核已違反醫療法第86條規定。,"50,000",醫療法第86條
131,112/01/06,"緣受處分人係「OOOO診所（機構代碼：3501OOOO）」負責醫師，案係該診所經由所屬集團行銷部門於Facebook帳號「OOOOTrust me, you can make it.」網頁(網址：https://www.facebook.comOOOO/?ref=page_internal及https://2022promOOOOcom.tw/booking.html，本局下載日期：111年12月12日)刊登內容略以：「...OOOO纖體醫妍診所預約諮詢可享眼尾肉毒0元...醫美肉毒桿菌素拉提課程，撫平令人害羞的小細紋全台媚OOOO醫妍診所陪你迎接2023約諮詢再享免費眼尾肉毒拉提體驗，一人預約可兩人同行...洽詢全省OOOO診所...(台北忠孝...、台北安和...)...媚登峰2022週年慶，媚登?全門市開放預約中...媚登?纖體醫妍診所 肉毒眼尾拉提0元體驗...纖體醫妍診所...忠孝診所...安和診所...」等內容，並刊載診所名稱、地址及電話，以優惠等具有意圖促銷之醫療廣告為宣傳，所為核已違反醫療法第86條之規定。","50,000",醫療法第86條
132,112/01/04,緣受處分人係「OOOO牙醫診所（機構代碼：37010OOOO）」負責醫師，案係該診所於Instagram帳號「OOOO牙醫診所（@OOOOlant） 」 （網址：https://www.instagram.com/drOOOOt/；本局下載日期：111年12月22日）刊登內容略以：「...年終狂歡貼片8折...2022年終狂歡慶...陶瓷貼片優惠中...『陶瓷貼片』改造只需要3次回診豐滿的唇型、適中的齒齦比例...讓笑容自信提升70%...預約資訊...尊榮民權分院...」，核已違反醫療法第86條規定。,"50,000",醫療法第86條
