序號,縣市,鄉鎮市,公私立,園名,車牌號碼,廠牌型號,出廠年月,使用年限【統計數值】
1,臺北市,松山區,私立,臺北市私立童欣幼兒園,ANY7087,中華DE242LC2,16-Mar,10
2,臺北市,松山區,私立,臺北市私立正欣幼兒園,ATN1580,中華DE242LC2,17-Jan,10
3,臺北市,松山區,私立,臺北市私立嘉勝幼兒園,2906R8,中華DE242LC2,12-Aug,10
4,臺北市,松山區,私立,臺北市私立寶仁幼兒園,ATJ6037,中華,17-Apr,10
5,臺北市,松山區,私立,財團法人臺灣省臺南市天主教鮑思高慈幼會附設臺北市私立思高幼兒園,AJG2322,中華DE242LC2,14-Aug,10
6,臺北市,松山區,私立,財團法人臺灣省臺南市天主教鮑思高慈幼會附設臺北市私立思高幼兒園,BEE3391,中華DE242LC2,19-Aug,10
7,臺北市,松山區,私立,臺北市私立光華幼兒園,BFS2533,DE241LC2A,20-Aug,10
8,臺北市,松山區,私立,臺北市私立圓圓幼兒園,ATD6712,中華DE242LC2,17-May,10
9,臺北市,松山區,私立,臺北市私立格爾幼兒園,AKQ6332,DE242LC2,15-Jun,10
10,臺北市,松山區,私立,育達學校財團法人臺北市私立普林思頓高級中等學校附設臺北市私立點點幼兒園,1575YK,中華DE242LC2,11-Mar,10
11,臺北市,松山區,私立,育達學校財團法人臺北市私立普林思頓高級中等學校附設臺北市私立點點幼兒園,1576YK,中華DE242LC2,11-Mar,10
12,臺北市,松山區,私立,育達學校財團法人臺北市私立普林思頓高級中等學校附設臺北市私立點點幼兒園,AGC2533,中華DE242LC2,14-Jan,10
13,臺北市,信義區,私立,臺北市私立上群蒙特梭利忠孝幼兒園,2190J3,中華DE242LC2,11-Sep,10
14,臺北市,信義區,私立,臺北市私立信義蒙特梭利幼兒園,AAF1083,DE242LC2,12-Dec,10
15,臺北市,信義區,私立,臺北市私立傑生幼兒園,ANX3917,中華DE242LC2,16-Jan,10
16,臺北市,信義區,私立,財團法人中華文化社會福利事業基金會台北兒童福利中心附設臺北市私立實驗幼兒園,6438J5,中華DE242LC2,11-Dec,10
17,臺北市,信義區,私立,財團法人中華文化社會福利事業基金會台北兒童福利中心附設臺北市私立實驗幼兒園,ARE5593,中華DE242LC2,16-Mar,10
18,臺北市,信義區,私立,財團法人中華文化社會福利事業基金會台北兒童福利中心附設臺北市私立實驗幼兒園,ATD7105,中華DE242LC2,17-Apr,10
19,臺北市,信義區,私立,財團法人中華文化社會福利事業基金會台北兒童福利中心附設臺北市私立實驗幼兒園,AWZ7165,中華DE242LC2,18-Jan,10
20,臺北市,大安區,私立,臺北市私立格登幼兒園,AKQ6350,中華DE242LC2,15-Jun,10
21,臺北市,大安區,私立,財團法人臺北市私立蒙特梭利幼兒園,BBF2713,中華DE242LC2,19-May,10
22,臺北市,大安區,私立,臺北市私立菁英幼兒園,AGC9951,中華DE242LC2,14-Jan,10
23,臺北市,大安區,私立,臺北市私立勁寶兒幼兒園,AGL5302,中華DE242LC2,14-May,10
24,臺北市,大安區,私立,臺北市私立巧可麗國際幼兒園,AGN3225,中華DE242LC2,14-Aug,10
25,臺北市,大安區,私立,臺北市私立愛英幼兒園,ATC3326,中華DE242LC2,17-Jan,10
26,臺北市,大安區,私立,臺北市私立新生寶貝幼兒園,4017ZT,中華DE242LC2,10-Dec,10
27,臺北市,大安區,私立,臺北市私立新生寶貝幼兒園,AAF7850,DE242LC2,13-Jun,10
28,臺北市,大安區,私立,臺北市私立三暉幼兒園,ATH6387,中華DE242LC2,17-Oct,10
29,臺北市,大安區,私立,臺北市私立格林菲爾幼兒園,BFX0696,中華DE241LC2A,20-May,10
30,臺北市,大安區,私立,臺北市私立蔚思幼兒園,AAG6065,中華,13-Jul,10
31,臺北市,大安區,私立,臺北市私立華菂幼兒園,AAG6071,中華DE242LC2,13-Jul,10
32,臺北市,大安區,私立,臺北市私立長青幼兒園,ATD0391,中華DE242LC2,17-Apr,10
33,臺北市,大安區,私立,臺北市私立信望愛幼兒園,APK5881,中華DE242LC2,16-Apr,10
34,臺北市,大安區,私立,臺北市私立何嘉仁延吉幼兒園,6472S2,中華DE2421LC2,12-Nov,10
35,臺北市,大安區,私立,臺北市私立何嘉仁延吉幼兒園,6473S2,中華DE242LC2,12-Nov,10
36,臺北市,大安區,私立,臺北市私立何嘉仁延吉幼兒園,AGL9673,中華DE242LC2,14-Jul,10
37,臺北市,中山區,私立,實踐大學附設臺北市私立幼兒園,3217J6,中華DE242LC2,12-Jan,10
38,臺北市,中山區,私立,實踐大學附設臺北市私立幼兒園,6075ZW,中華DE242LC2,11-Sep,10
39,臺北市,中山區,私立,臺北市私立山秀幼兒園,ANM7362,中華DE242LC2,15-Aug,10
40,臺北市,中山區,私立,臺北市私立傑聲幼兒園,5099ZU,中華DE242LC2,11-Mar,10
41,臺北市,中山區,私立,臺北市私立河岸小百合蒙特梭利幼兒園,3681J3,中華DE242LC2,11-Sep,10
42,臺北市,中山區,私立,臺北市私立新自立幼兒園,AGK5083,中華DE242LC2,14-Mar,10
43,臺北市,中山區,私立,臺北市私立嘉霖幼兒園,4015ZT,中華DE242LC2,10-Dec,10
44,臺北市,中山區,私立,臺北市私立嘉霖幼兒園,4281R8,中華DE242LC2,12-Sep,10
45,臺北市,中山區,私立,臺北市私立嘉霖幼兒園,BBF6903,中華DE242LC2,19-May,10
46,臺北市,中山區,私立,臺北市私立正光幼兒園,3421ZT,中華DE242LC2,10-Dec,10
47,臺北市,中山區,私立,臺北市私立新生幼兒園,ARL5377,中華DE242LC2,16-Oct,10
48,臺北市,中山區,私立,臺北市私立新生幼兒園,ATB3297,中華,17-Mar,10
49,臺北市,中山區,私立,臺北市私立立興幼兒園,ARE7536,中華DE242LC2,16-Mar,10
50,臺北市,中山區,私立,臺北市私立喬幼國際幼兒園,ATG5691,中華DE242LC2,17-Aug,10
51,臺北市,中山區,私立,臺北市私立松江蒙特梭利幼兒園,AGC2026,中華DE242LC2,14-Jan,10
52,臺北市,中山區,私立,臺北市私立科見幼兒園,1151J3,中華DE242LC2,11-Sep,10
53,臺北市,中山區,私立,臺北市私立科見幼兒園,AXS9533,中華DE243LC2,20-Sep,10
54,臺北市,中山區,私立,臺北市私立建國幼兒園,AXD9878,中華DE242LC2,18-May,10
55,臺北市,中山區,私立,臺北市私立建國幼兒園,AXD9879,中華DE242LC2,18-May,10
56,臺北市,中正區,私立,財團法人台北市私立強恕高級中學附設臺北市私立幼兒園,AAA3183,中華DE242LC2,12-Dec,10
57,臺北市,中正區,私立,臺北市私立聯華幼兒園,BFS2521,中華,20-Aug,10
58,臺北市,中正區,私立,臺北市私立聯華幼兒園,BFS2522,中華,20-Aug,10
59,臺北市,中正區,私立,臺北市私立乖乖幼兒園,BEJ1662,中華DE24ILC2A,19-Oct,10
60,臺北市,中正區,私立,臺北市私立中正區清華幼兒園,AJF7850,中華DE242LC2,14-Aug,10
61,臺北市,中正區,私立,臺北市私立巨勝幼兒園,ATK3538,中華DE242LC2,17-May,10
62,臺北市,中正區,私立,臺北市私立何嘉仁臨沂幼兒園,AJF5753,中華DE242LC2,14-Jul,10
63,臺北市,中正區,私立,臺北市私立何嘉仁臨沂幼兒園,BJW7330,DE241LC2A,20-Oct,10
64,臺北市,大同區,私立,財團法人陳德星堂附設臺北市私立德星幼兒園,2921ZW,中華DE242LC2,11-Jun,10
65,臺北市,大同區,私立,臺北市私立榮星幼兒園,AKG7011,中華DE242LC2,15-Feb,10
66,臺北市,大同區,私立,臺北市私立榮星幼兒園,AKG7012,中華DE242LC2,15-Feb,10
67,臺北市,大同區,私立,財團法人天主教會台北教區附設臺北市私立聖心幼兒園,5375J3,中華DE242LC2,11-Oct,10
68,臺北市,大同區,私立,財團法人天主教會台北教區附設臺北市私立聖心幼兒園,AJJ6522,中華DE242LC2,15-Nov,10
69,臺北市,大同區,私立,臺北市私立格爾登幼兒園,AKQ6331,中華,15-Jun,10
70,臺北市,大同區,私立,臺北市私立功文成長幼兒園,BFW1390,中華DE243LC2,20-May,10
71,臺北市,萬華區,私立,北部台灣基督長老教會艋舺教會附設臺北市私立愛心幼兒園,ANA7029,中華DE242LC2,15-Jul,10
72,臺北市,萬華區,私立,臺北市私立幼佳幼兒園,7803J9,中華DE242LC2,12-Aug,10
73,臺北市,萬華區,私立,臺北市私立大理幼兒園,AAM0680,中華DE242LC2,13-Jan,10
74,臺北市,萬華區,私立,臺北市私立光仁國民小學附設幼兒園,4821ZW,中華DE242LC2,11-Jun,10
75,臺北市,萬華區,私立,臺北市私立光仁國民小學附設幼兒園,AJF7103,中華DE242LC2,14-Aug,10
76,臺北市,萬華區,私立,臺北市私立光仁國民小學附設幼兒園,AXE6097,DE242LC2,18-May,10
77,臺北市,萬華區,私立,臺北市私立何嘉仁中華幼兒園,4182R8,中華DE242LC2,12-Jun,10
78,臺北市,文山區,私立,臺北市私立書宜幼兒園,5922R8,中華DE242LC2,12-Sep,10
79,臺北市,文山區,私立,臺北市私立何嘉仁文山幼兒園,AAC3873,中華DE242LC2,13-Mar,10
80,臺北市,文山區,私立,臺北市私立惠生幼兒園,BBD7968,中華DE24LC2,19-Feb,10
81,臺北市,文山區,私立,臺北市私立何嘉仁興隆幼兒園,AGE6183,中華DE242LC2,14-Jan,10
82,臺北市,文山區,私立,靜心學校財團法人臺北市私立靜心高級中等學校附設幼兒園,3056QH,中華DE242LC2,11-Jul,10
83,臺北市,文山區,私立,靜心學校財團法人臺北市私立靜心高級中等學校附設幼兒園,3057QH,中華DE242LC2,11-Jul,10
84,臺北市,文山區,私立,靜心學校財團法人臺北市私立靜心高級中等學校附設幼兒園,3058QH,中華DE242LC2,11-Jul,10
85,臺北市,文山區,私立,靜心學校財團法人臺北市私立靜心高級中等學校附設幼兒園,3060QH,中華DE242LC2,11-Jul,10
86,臺北市,文山區,私立,靜心學校財團法人臺北市私立靜心高級中等學校附設幼兒園,AAC9836,中華DE242LC2,16-Apr,10
87,臺北市,文山區,私立,靜心學校財團法人臺北市私立靜心高級中等學校附設幼兒園,AGK9658,中華DE242LC2,15-Mar,10
88,臺北市,文山區,私立,靜心學校財團法人臺北市私立靜心高級中等學校附設幼兒園,AXA0106,中華DE242LC2,18-Jan,10
89,臺北市,文山區,私立,靜心學校財團法人臺北市私立靜心高級中等學校附設幼兒園,AXA0176,中華DE242LC2,18-Jan,10
90,臺北市,文山區,私立,財團法人台北市中國基督教靈糧世界佈道會台北靈糧堂附設臺北市私立靈糧幼兒園,AJG7256,中華DE242LC2,14-Sep,10
91,臺北市,文山區,私立,財團法人台北市中華基督教青年會附設臺北市私立文山幼兒園,AGL8703,DE242LC2,14-Jul,10
92,臺北市,文山區,私立,財團法人台北市中華基督教青年會附設臺北市私立文山幼兒園,BEJ2956,中華DE241LC2A,19-Oct,10
93,臺北市,文山區,私立,臺北市私立荳荳幼兒園,AGF9192,中華DE242LC2,14-Feb,10
94,臺北市,文山區,私立,臺北市私立中山國民小學附設幼兒園,BJW2116,DE241LC2A,20-Sep,10
95,臺北市,文山區,私立,臺北市私立中山國民小學附設幼兒園,BJW2126,DE241LC2A,20-Sep,10
96,臺北市,文山區,私立,私立再興高級中學附設臺北市幼兒園,4592YK,中華DE242LC2,11-Jul,10
97,臺北市,文山區,私立,私立再興高級中學附設臺北市幼兒園,4595YK,中華DE242LC2,11-Jul,10
98,臺北市,文山區,私立,私立再興高級中學附設臺北市幼兒園,7339UX,中華DE242LC2,12-Sep,10
99,臺北市,文山區,私立,私立再興高級中學附設臺北市幼兒園,AAB6653,中華DE242LC2,13-Jul,10
100,臺北市,文山區,私立,私立再興高級中學附設臺北市幼兒園,AXE8350,中華三菱,18-Jun,10
101,臺北市,文山區,私立,私立再興高級中學附設臺北市幼兒園,AXE8356,中華三菱,18-Jun,10
102,臺北市,文山區,私立,私立再興高級中學附設臺北市幼兒園,AXE8357,中華三菱,18-Jun,10
103,臺北市,文山區,私立,私立再興高級中學附設臺北市幼兒園,AXE8362,中華三菱,18-Jun,10
104,臺北市,文山區,私立,私立再興高級中學附設臺北市幼兒園,BEJ2952,中華DE241LC2A,19-Oct,10
105,臺北市,文山區,私立,私立再興高級中學附設臺北市幼兒園,BFY1087,中華DE243LC2,20-Jul,10
106,臺北市,文山區,私立,臺北市私立巨星幼兒園,AGC2539,中華DE242LC2,14-Jan,10
107,臺北市,文山區,私立,臺北市私立頌恩幼兒園,AKP7205,中華DE242LC2,15-Apr,10
108,臺北市,文山區,私立,財團法人台北市華亞之聲社中華基督教便以利教會附設臺北市私立華聲幼兒園,ATA9372,中華DE242LC2,17-Jan,10
109,臺北市,文山區,私立,財團法人台北市華亞之聲社中華基督教便以利教會附設臺北市私立華聲幼兒園,BFW6021,中華DE241LC2A,20-May,10
110,臺北市,文山區,私立,臺北市私立台北紐西蘭幼兒園,AKF1727,中華DE242LC2,14-Sep,10
111,臺北市,文山區,私立,臺北市私立台北紐西蘭幼兒園,APK1727,中華200D0275,16-Mar,10
112,臺北市,文山區,私立,臺北市私立文山仁和幼兒園,APK3889,中華DE242LC2,16-Feb,10
113,臺北市,南港區,私立,臺北市私立東美幼兒園,ATD0933,中華DE242LC2,17-May,10
114,臺北市,南港區,私立,臺北市私立何嘉仁南港幼兒園,BFA2652,中華DE241LC2A,20-Jul,10
115,臺北市,南港區,私立,財團法人國光慈善事業基金會附設臺北市私立三軍幼兒園,BFN7160,DE241LC2A,20-Mar,10
116,臺北市,南港區,私立,財團法人國光慈善事業基金會附設臺北市私立三軍幼兒園,BFN7161,DE241LC2A,20-Mar,10
117,臺北市,南港區,私立,財團法人國光慈善事業基金會附設臺北市私立三軍幼兒園,BFN7162,DE241LC2A,20-Mar,10
118,臺北市,南港區,私立,財團法人國光慈善事業基金會附設臺北市私立三軍幼兒園,BFN7163,DE241LC2A,20-Mar,10
119,臺北市,南港區,私立,世平興業股份有限公司附設臺北市私立員工子女幼兒園,AAE5652,DE242LC2,13-Jan,10
120,臺北市,南港區,私立,臺北市私立樹德幼兒園,ASC6756,中華DE242LC2,17-Mar,10
121,臺北市,南港區,私立,臺北市私立傑生寶華國際幼兒園,AXS6710,中華DE2431LC2,20-Sep,10
122,臺北市,南港區,私立,臺北市私立傑生寶華國際幼兒園,BBH1152,中華廂式,19-Jun,10
123,臺北市,南港區,私立,臺北市私立傑生寶華國際幼兒園,BBH8631,DE242LC2,19-Jul,10
124,臺北市,南港區,私立,臺北市私立吉的堡小騎士幼兒園,ATK5950,中華汽車DE242LC2,17-Jul,10
125,臺北市,南港區,私立,臺北市私立吉的堡小騎士幼兒園,AWD0861,中華汽車廂式幼童專用車,18-Apr,10
126,臺北市,南港區,私立,臺北市私立龍華幼兒園,AWZ7821,中華DE242LC2,18-Jan,10
127,臺北市,南港區,私立,臺北市私立大華幼兒園,ATD3816,中華DE242LC2,17-May,10
128,臺北市,南港區,私立,臺北市私立新莒光幼兒園,AXG6851,中華DE242LC2,18-Aug,10
129,臺北市,南港區,私立,臺北市私立南光幼兒園,4195S2,DE242LC2,12-Nov,10
130,臺北市,南港區,私立,臺北市私立大方凌雲幼兒園,AAG0681,DE242LC2,13-Jun,10
131,臺北市,南港區,私立,臺北市私立道生南港幼兒園,AAS2293,DE242LC2,13-Jul,10
132,臺北市,內湖區,私立,恕德學校財團法人附設臺北市私立恕德幼兒園,4765H7,中華DE242LC2,12-May,10
133,臺北市,內湖區,私立,臺北市私立華盛頓幼兒園,AGL9062,中華DE242LC2,14-Jul,10
134,臺北市,內湖區,私立,臺北市私立喬治亞幼兒園,ATQ0196,中華DE242LC2,18-Feb,10
135,臺北市,內湖區,私立,臺北市私立喬治亞幼兒園,AXD5351,中華DE242LC2,18-May,10
136,臺北市,內湖區,私立,臺北市私立巧可麗查理布朗幼兒園,ATG6226,中華DE242LC2,17-Aug,10
137,臺北市,內湖區,私立,臺北市私立小瓢蟲幼兒園,AAM0709,中華DE242LC2,13-Jan,10
138,臺北市,內湖區,私立,臺北市私立華泰幼兒園,AAM3713,中華DE242LC2,13-Mar,10
139,臺北市,內湖區,私立,臺北市私立立湖幼兒園,ATD8030,中華DE242LC2,17-May,10
140,臺北市,內湖區,私立,臺北市私立奧斯福爾幼兒園,BFQ2378,中華DE241LC2A,20-May,10
141,臺北市,內湖區,私立,臺北市私立聖喬治幼兒園,BFQ6562,中華DE241LC2A,20-Jul,10
142,臺北市,內湖區,私立,臺北市私立卡爾維德幼兒園,ATG2153,中華DE242LC2,17-Jul,10
143,臺北市,內湖區,私立,康軒文教事業股份有限公司附設臺北市私立員工子女幼兒園,2107ZT,中華DE242LC2,11-Jan,10
144,臺北市,內湖區,私立,康軒文教事業股份有限公司附設臺北市私立員工子女幼兒園,2115ZT,中華DE242LC2,11-Jan,10
145,臺北市,內湖區,私立,康軒文教事業股份有限公司附設臺北市私立員工子女幼兒園,4008J7,中華DE242LC2,12-Feb,10
146,臺北市,內湖區,私立,康軒文教事業股份有限公司附設臺北市私立員工子女幼兒園,AAP5392,中華DE242LC2,13-Jan,10
147,臺北市,內湖區,私立,康軒文教事業股份有限公司附設臺北市私立員工子女幼兒園,AAP5393,中華DE242LC2,13-Jan,10
148,臺北市,內湖區,私立,康軒文教事業股份有限公司附設臺北市私立員工子女幼兒園,ANX7861,中華DE242LC2,16-Jan,10
149,臺北市,內湖區,私立,康軒文教事業股份有限公司附設臺北市私立員工子女幼兒園,AWY2530,中華DE242LC2,17-Nov,10
150,臺北市,內湖區,私立,康軒文教事業股份有限公司附設臺北市私立員工子女幼兒園,AXG6513,中華DE242LC2,18-Aug,10
151,臺北市,內湖區,私立,康軒文教事業股份有限公司附設臺北市私立員工子女幼兒園,AXG9650,中華DE242LC2,18-Aug,10
152,臺北市,內湖區,私立,康軒文教事業股份有限公司附設臺北市私立員工子女幼兒園,BFW3970,中華DE241LC2A,20-May,10
153,臺北市,內湖區,私立,康軒文教事業股份有限公司附設臺北市私立員工子女幼兒園,BFW3971,中華DE241LC2A,20-May,10
154,臺北市,內湖區,私立,康軒文教事業股份有限公司附設臺北市私立員工子女幼兒園,BFW3972,中華DE241LC2A,20-May,10
155,臺北市,內湖區,私立,臺北市私立東湖幼兒園,AQX7090,中華DE242LC2,16-Sep,10
156,臺北市,內湖區,私立,臺北市私立康大幼兒園,AGN7958,中華DE242LC2,14-Aug,10
157,臺北市,內湖區,私立,臺北市私立保進幼兒園,BBK9502,中華DE241LC2A,20-Apr,10
158,臺北市,內湖區,私立,臺北市私立幼新幼兒園,APK9805,DE242LC2,16-Jul,10
159,臺北市,內湖區,私立,臺北市私立何嘉仁新湖幼兒園,4481YJ,中華DE242LC2,11-Feb,10
160,臺北市,內湖區,私立,臺北市私立何嘉仁新湖幼兒園,BBD0921,中華DE242LC2,19-Feb,10
161,臺北市,內湖區,私立,臺北市私立何嘉仁新湖幼兒園,BFW5783,DE241LC2A,20-May,10
162,臺北市,內湖區,私立,臺北市私立大湖寶貝幼兒園,BFV7873,中華DE241LC2A,20-Apr,10
163,臺北市,內湖區,私立,臺北市私立諾貝爾幼兒園,BFX1809,中華,20-Jun,10
164,臺北市,內湖區,私立,臺北市私立柏克立幼兒園,AJG5852,中華DE242LC2,14-Aug,10
165,臺北市,內湖區,私立,臺北市私立柏克立幼兒園,APM1255,中華DE242LC2,16-Jun,10
166,臺北市,內湖區,私立,臺北市私立內湖科見幼兒園,3791J8,中華DE242LC2,12-Apr,10
167,臺北市,內湖區,私立,臺北市私立內湖科見幼兒園,6373R8,中華DE242LC2,12-Sep,10
168,臺北市,內湖區,私立,臺北市私立山谷小百合蒙特梭利幼兒園,0903J7,中華DE242LC2,12-Jan,10
169,臺北市,內湖區,私立,臺北市私立英格幼兒園,AAS8068,中華DE242LC2,13-Jul,10
170,臺北市,內湖區,私立,臺北市私立英格幼兒園,ANU9102,中華,16-Apr,10
171,臺北市,士林區,私立,臺北市私立凱斯幼兒園,4892YK,中華DE242LC2,11-Aug,10
172,臺北市,士林區,私立,臺北市私立凱斯幼兒園,BBD8363,中華DE242LC2,19-Mar,10
173,臺北市,士林區,私立,臺北市私立幼心幼兒園,AGN6709,中華DE242LC2,14-Sep,10
174,臺北市,士林區,私立,臺北市私立何嘉仁士林幼兒園,AGH3090,中華DE242LC2,14-Feb,10
175,臺北市,士林區,私立,臺北市私立何嘉仁士林幼兒園,AJF1071,中華DE242LC2,14-Jul,10
176,臺北市,士林區,私立,財團法人臺灣聖公會附設臺北市私立牧愛堂幼兒園,4320YK,中華DE242LC2,11-Jun,10
177,臺北市,士林區,私立,財團法人臺灣聖公會附設臺北市私立牧愛堂幼兒園,AGM8722,中華DE242LC2,14-May,10
178,臺北市,士林區,私立,臺北市私立民華幼兒園,BFS2213,中華DE241LC2A,20-Aug,10
179,臺北市,士林區,私立,臺北市私立何嘉仁幼兒園,9137ZT,中華DE242LC2,11-Mar,10
180,臺北市,士林區,私立,臺北市私立何嘉仁幼兒園,AAE9151,中華DE242LC2,13-Apr,10
181,臺北市,士林區,私立,臺北市私立浩恩幼兒園,ARG2835,中華DE242LC2,16-Sep,10
182,臺北市,士林區,私立,臺北市私立微笑音符幼兒園,AWD7237,0701G700,18-Jun,10
183,臺北市,士林區,私立,臺北市私立博如幼兒園,9457J6,中華DE242LC2,12-Jan,10
184,臺北市,士林區,私立,臺北市私立博如幼兒園,AGD8755,中華DE242LC2,13-Dec,10
185,臺北市,士林區,私立,臺北市私立泰安幼兒園,AWD5351,中華DE242LC2,18-May,10
186,臺北市,士林區,私立,臺北市私立正音幼兒園,BFQ7868,中華DE241LC2A,20-Jun,10
187,臺北市,士林區,私立,臺北市私立十大幼兒園,AKG9930,三菱DE242LC2,15-Mar,10
188,臺北市,士林區,私立,臺北市私立捷森幼兒園,AGC7033,中華DE242LC2,14-Mar,10
189,臺北市,士林區,私立,臺北市私立捷森幼兒園,BEF6863,中華DE241LC2A,20-Jan,10
190,臺北市,士林區,私立,臺北市私立華邇街幼兒園,AAQ2952,中華,13-Feb,10
191,臺北市,士林區,私立,臺北市私立忠義幼兒園,AAM3715,中華DE242LC2,13-Mar,10
192,臺北市,士林區,私立,臺北市私立德行幼兒園,AAE2363,中華DE242LC2,13-Apr,10
193,臺北市,士林區,私立,臺北市私立熊寶貝幼兒園,4130H8,中華DE242LC2,12-Sep,10
194,臺北市,士林區,私立,臺北市私立熊寶貝幼兒園,ANZ3375,中華DE242LC2,15-Nov,10
195,臺北市,士林區,私立,臺北市私立熊寶貝幼兒園,ATK2756,中華DE242LC2,17-Jun,10
196,臺北市,士林區,私立,臺北市私立太和蒙特梭利幼兒園,AQX6627,中華DE242LC2,16-Sep,10
197,臺北市,士林區,私立,臺北市私立有緣蒙特梭利幼兒園,AXB1871,中華,18-Jan,10
198,臺北市,士林區,私立,臺北市私立博如日本幼兒幼兒園,AMY6297,中華DE242LC2,15-Jun,10
199,臺北市,士林區,私立,臺北市私立博如日本幼兒幼兒園,ARF5390,中華DE242LC2,16-Apr,10
200,臺北市,士林區,私立,臺北市私立師達幼兒園,ATG5355,中華DE242LC2,17-Jul,10
201,臺北市,士林區,私立,臺北市私立博仁幼兒園,AKG1553,中華DE242LC2,15-Jan,10
202,臺北市,士林區,私立,臺北市私立天母蒙特梭利幼兒園,AGC2023,中華DE242LC2,14-Jan,10
203,臺北市,士林區,私立,臺北市私立精采童年幼兒園,AAB7822,中華DE242LC2,13-Jul,10
204,臺北市,士林區,私立,臺北市私立精采童年幼兒園,AGE7560,中華DE242LC2,14-Jan,10
205,臺北市,士林區,私立,臺北市私立道思幼兒園,ATD2531,中華DE242LC2,17-May,10
206,臺北市,士林區,私立,臺北市私立道思幼兒園,AXE2078,中華DE242LC2,18-Jun,10
207,臺北市,士林區,私立,臺北市私立好來幼兒園,AKG5190,中華DE242LC2,15-Jan,10
208,臺北市,士林區,私立,臺北市私立好來幼兒園,ATC0190,中華DE242LC2,16-Nov,10
209,臺北市,士林區,私立,臺北市私立好來幼兒園,ATJ9190,中華DE242LC2,17-Jun,10
210,臺北市,士林區,私立,臺北市私立心愛幼兒園,7378J2,中華DE242LC2,11-Jun,10
211,臺北市,士林區,私立,臺北市私立心愛幼兒園,7379J2,中華DE242LC2,11-Jul,10
212,臺北市,士林區,私立,臺北市私立心愛幼兒園,AJF3826,中華DE242LC2,14-Jul,10
213,臺北市,士林區,私立,臺北市私立道爾敦幼兒園,AAM3361,中華DE242LC2,13-Jan,10
214,臺北市,士林區,私立,臺北市私立道爾敦幼兒園,AAM3362,中華DE242LC2,13-Jan,10
215,臺北市,士林區,私立,財團法人林迺翁文教基金會附設臺北市私立天鵝堡幼兒園,AKA8625,福斯KombiKid,14-Jan,10
216,臺北市,士林區,私立,財團法人林迺翁文教基金會附設臺北市私立天鵝堡幼兒園,AKA8925,福斯KombiKid,14-Jan,10
217,臺北市,士林區,私立,臺北市私立奧爾仕幼兒園,AAG6075,中華DE242LC2,13-Jul,10
218,臺北市,士林區,私立,臺北市私立奧爾仕幼兒園,AAG6076,中華DE242LC2,13-Jul,10
219,臺北市,士林區,私立,臺北市私立奧爾仕幼兒園,AAG6081,中華DE242LC2,13-Jul,10
220,臺北市,北投區,私立,財團法人天主教會台北教區附設臺北市私立達義幼兒園,4669L9,中華廂式,12-Jan,10
221,臺北市,北投區,私立,臺北市私立優格快樂幼兒園,AAN3521,中華DE242LC2,13-Aug,10
222,臺北市,北投區,私立,臺北市私立丹佛幼兒園,APK8630,中華DE242LC2,16-Jul,10
223,臺北市,北投區,私立,臺北市私立艾法貝納幼兒園,AKG8033,中華DE242LC2,15-Jan,10
224,臺北市,北投區,私立,臺北市私立華民幼兒園,ATZ5171,中華DE242LC2,19-Mar,10
225,臺北市,北投區,私立,臺北市私立石牌旭東幼兒園,AGN3052,中華DE242LC2,14-Jul,10
226,臺北市,北投區,私立,臺北市私立佳人幼兒園,BFW8321,中華DE241LC2A,20-Jun,10
227,臺北市,北投區,私立,財團法人臺灣基督長老教會雙連教會附設臺北市私立雙連幼兒園,1939J3,中華DE242LC2,11-Aug,10
228,臺北市,北投區,私立,財團法人臺灣基督長老教會雙連教會附設臺北市私立雙連幼兒園,3372J2,中華DE242LC2,11-Jul,10
229,臺北市,北投區,私立,財團法人臺灣基督長老教會雙連教會附設臺北市私立雙連幼兒園,3907H8,中華DE242LC2,12-Aug,10
230,臺北市,北投區,私立,財團法人臺灣基督長老教會雙連教會附設臺北市私立雙連幼兒園,3910H8,中華DE242LC2,12-Aug,10
231,臺北市,北投區,私立,財團法人臺灣基督長老教會雙連教會附設臺北市私立雙連幼兒園,5039J8,中華DE242LC2,12-May,10
232,臺北市,北投區,私立,財團法人臺灣基督長老教會雙連教會附設臺北市私立雙連幼兒園,8670YJ,中華DE242LC2,11-Apr,10
233,臺北市,北投區,私立,財團法人臺灣基督長老教會雙連教會附設臺北市私立雙連幼兒園,8671YJ,中華DE242LC2,11-Apr,10
234,臺北市,北投區,私立,財團法人臺灣基督長老教會雙連教會附設臺北市私立雙連幼兒園,AAM1652,中華DE242LC2,13-Jan,10
235,臺北市,北投區,私立,財團法人臺灣基督長老教會雙連教會附設臺北市私立雙連幼兒園,AAM2292,中華DE242LC2,13-Jan,10
236,臺北市,北投區,私立,財團法人臺灣基督長老教會雙連教會附設臺北市私立雙連幼兒園,AAM7662,中華DE242LC2,13-Apr,10
237,臺北市,北投區,私立,財團法人臺灣基督長老教會雙連教會附設臺北市私立雙連幼兒園,AAM7663,中華DE242LC2,13-Apr,10
238,臺北市,北投區,私立,財團法人臺灣基督長老教會雙連教會附設臺北市私立雙連幼兒園,BEF1332,匯豐三菱,19-Nov,10
239,臺北市,北投區,私立,財團法人臺灣基督長老教會雙連教會附設臺北市私立雙連幼兒園,PAA022,ISUZUBCBNQRSL05,15-May,10
240,臺北市,北投區,私立,財團法人臺灣基督長老教會雙連教會附設臺北市私立雙連幼兒園,PAA023,ISUZUBCBNQRSL05,15-May,10
241,臺北市,北投區,私立,臺北市私立聖德幼兒園,AKS5170,中華DE242LC2,15-Aug,10
242,臺北市,北投區,私立,臺北市私立聖德幼兒園,APM7510,中華DE242LC2,16-Oct,10
243,臺北市,北投區,私立,臺北市私立薇閣國民小學附設幼兒園,115WE,ISUZUBCBNQRSL03,14-Feb,10
244,臺北市,北投區,私立,臺北市私立薇閣國民小學附設幼兒園,116WE,ISUZUBCBNQRSL03,14-Feb,10
245,臺北市,北投區,私立,臺北市私立薇閣國民小學附設幼兒園,ATB8716,中華DE242LC2,17-May,10
246,臺北市,北投區,私立,臺北市私立薇閣國民小學附設幼兒園,PAA006,ISUZUBCBNQRSL05,15-Mar,10
247,臺北市,北投區,私立,臺北市私立薇閣國民小學附設幼兒園,PAA007,ISUZUBCBNQRSL05,15-Mar,10
248,臺北市,北投區,私立,臺北市私立薇閣國民小學附設幼兒園,PAA008,ISUZUBCBNQRSL05,15-Mar,10
249,臺北市,北投區,私立,臺北市私立培爾幼兒園,AKQ7519,中華DE242LC2,15-Jun,10
250,臺北市,北投區,私立,臺北市私立培爾幼兒園,ANU5260,中華DE242LC2,16-Mar,10
251,臺北市,北投區,私立,臺北市私立潘蜜拉幼兒園,ATH2915,中華DE242LC2,17-Sep,10
252,臺北市,北投區,私立,臺北市私立旭東幼兒園,AKG8307,中華DE242LC2,15-Mar,10
253,臺北市,北投區,私立,臺北市私立何嘉仁北投幼兒園,9135ZT,中華DE242LC2,11-Mar,10
254,臺北市,北投區,私立,臺北市私立何嘉仁北投幼兒園,BFW2987,中華DE241LC2A,20-May,10
255,臺北市,北投區,私立,臺北市私立道生幼兒園,AAG6072,中華DE242LC2,13-Jul,10
256,臺北市,北投區,私立,臺北市私立道生幼兒園,AAG7216,中華DE242LC2,13-Jul,10
257,臺北市,北投區,私立,臺北市私立新天地幼兒園,4990YJ,中華DE242LC2,11-Mar,10
258,臺北市,北投區,私立,臺北市私立新天地幼兒園,AKG6095,中華DE242LC2,15-Jan,10
259,臺北市,北投區,私立,臺北市私立新天地幼兒園,APK3100,中華DE242LC2,16-Apr,10
260,臺北市,北投區,私立,臺北市私立新天地幼兒園,BAJ2923,中華DE242LC2,18-Sep,10
261,臺北市,北投區,私立,臺北市私立城市國際幼兒園,ATL3622,中華DE242LC2,17-Oct,10
262,臺北市,北投區,私立,臺北市私立城市國際幼兒園,BAZ9581,中華DE242LC2,19-May,10
