序號,橋梁名稱,轄區,管轄單位,管轄單位機關代碼,最近一期檢測年度,檢測結果,最近一期維護年度,委託維修單位,年度維修經費金額,維修結果
1,社教館人行地下道,松山區,新建工程處,379110100G,111,安全可通行,,新建工程處,,安全可通行
2,新民權人行地下道,內湖區,新建工程處,379110100G,111,安全可通行,,新建工程處,,安全可通行
3,經貿園區PC06人行地下道,南港區,新建工程處,379110100G,111,安全可通行,,新建工程處,,安全可通行
4,經貿園區PC07人行地下道,南港區,新建工程處,379110100G,111,安全可通行,,新建工程處,,安全可通行
5,中信連通道人行地下道,南港區,新建工程處,379110100G,112,安全可通行,,新建工程處,,安全可通行
6,南港向陽人行天橋,南港區,新建工程處,379110100G,111,安全可通行,110,新建工程處,,安全可通行
7,玉成國小人行天橋,南港區,新建工程處,379110100G,112,安全可通行,108,新建工程處,,安全可通行
8,南港國中人行天橋,南港區,新建工程處,379110100G,112,安全可通行,110,新建工程處,,安全可通行
9,成美長壽人行天橋,南港區-內湖區,新建工程處,379110100G,111,安全可通行,108,新建工程處,,安全可通行
10,明湖國小人行天橋,內湖區,新建工程處,379110100G,112,安全可通行,100,新建工程處,,安全可通行
11,南湖國小人行天橋,內湖區,新建工程處,379110100G,112,安全可通行,109,新建工程處,,安全可通行
12,行善人行天橋,內湖區,新建工程處,379110100G,111,安全可通行,112,新建工程處,7103513,安全可通行
13,彩虹人行天橋,松山區-內湖區,新建工程處,379110100G,112,安全可通行,106,新建工程處,,安全可通行
14,中信園區AC人行天橋,南港區,新建工程處,379110100G,112,安全可通行,,新建工程處,,安全可通行
15,中信園區(南)人行天橋,南港區,新建工程處,379110100G,112,安全可通行,,新建工程處,,安全可通行
16,中信園區(北)人行天橋,南港區,新建工程處,379110100G,112,安全可通行,,新建工程處,,安全可通行
17,中信園區AB人行天橋,南港區,新建工程處,379110100G,112,安全可通行,,新建工程處,,安全可通行
18,大湖華閱通道人行天橋,內湖區,新建工程處,379110100G,112,安全可通行,,新建工程處,,安全可通行
19,小巨蛋鋼樓梯人行天橋,松山區,新建工程處,379110100G,112,安全可通行,,新建工程處,,安全可通行
20,環東高架,內湖區-南港區,新建工程處,379110100G,112,安全可通行,112,新建工程處,1716967,安全可通行
21,正氣橋,松山區,新建工程處,379110100G,111,安全可通行,112,新建工程處,305828,安全可通行
22,康樂橋,內湖區,新建工程處,379110100G,111,安全可通行,101,新建工程處,,安全可通行
23,安泰橋,內湖區,新建工程處,379110100G,111,安全可通行,,新建工程處,,安全可通行
24,大湖橋,內湖區,新建工程處,379110100G,111,安全可通行,,新建工程處,,安全可通行
25,南湖大橋,南港區-內湖區,新建工程處,379110100G,111,安全可通行,112,新建工程處,305828,安全可通行
26,民權大橋,松山區-內湖區,新建工程處,379110100G,111,安全可通行,110,新建工程處,,安全可通行
27,成美橋,南港區-內湖區,新建工程處,379110100G,111,安全可通行,112,新建工程處,2250725,安全可通行
28,成功橋,南港區-內湖區,新建工程處,379110100G,111,安全可通行,112,新建工程處,1066609,安全可通行
29,南港橋,南港區,新建工程處,379110100G,111,安全可通行,112,新建工程處,957980,安全可通行
30,麥帥二橋,松山區-內湖區,新建工程處,379110100G,112,安全可通行,112,新建工程處,23322867,安全可通行
31,麥帥一橋,松山區,新建工程處,379110100G,112,安全可通行,112,新建工程處,814264,安全可通行
32,金龍隧道,內湖區,新建工程處,379110100G,111,安全可通行,,新建工程處,,安全可通行
33,民權隧道,內湖區,新建工程處,379110100G,112,安全可通行,,新建工程處,,安全可通行
34,大湖隧道,內湖區,新建工程處,379110100G,111,安全可通行,,新建工程處,,安全可通行
35,康樂隧道,內湖區,新建工程處,379110100G,111,安全可通行,112,新建工程處,9311920,安全可通行
36,安泰隧道,內湖區,新建工程處,379110100G,111,安全可通行,,新建工程處,,安全可通行
37,玉成橋,松山區,新建工程處,379110100G,112,安全可通行,110,新建工程處,,安全可通行
38,松山橋,松山區,新建工程處,379110100G,111,安全可通行,109,新建工程處,,安全可通行
39,力行橋,南港區,新建工程處,379110100G,112,安全可通行,100,新建工程處,,安全可通行
40,弘道橋,南港區,新建工程處,379110100G,112,安全可通行,100,新建工程處,,安全可通行
41,顯應橋,南港區,新建工程處,379110100G,112,安全可通行,,新建工程處,,安全可通行
42,福山橋,南港區,新建工程處,379110100G,112,安全可通行,,新建工程處,,安全可通行
43,民權橋,南港區,新建工程處,379110100G,111,安全可通行,108,新建工程處,,安全可通行
44,國興橋,南港區,新建工程處,379110100G,112,安全可通行,105,新建工程處,,安全可通行
45,合順橋,南港區,新建工程處,379110100G,111,安全可通行,106,新建工程處,,安全可通行
46,宜興橋,南港區,新建工程處,379110100G,112,安全可通行,110,新建工程處,,安全可通行
47,舊莊橋,南港區,新建工程處,379110100G,111,安全可通行,,新建工程處,,安全可通行
48,永庭橋,南港區,新建工程處,379110100G,112,安全可通行,107,新建工程處,,安全可通行
49,芳園橋,南港區,新建工程處,379110100G,112,安全可通行,108,新建工程處,,安全可通行
50,南深橋,南港區,新建工程處,379110100G,112,安全可通行,112,新建工程處,494800,安全可通行
51,南研橋,南港區,新建工程處,379110100G,112,安全可通行,106,新建工程處,,安全可通行
52,勤力橋,南港區,新建工程處,379110100G,112,安全可通行,110,新建工程處,,安全可通行
53,家驊橋,南港區,新建工程處,379110100G,112,安全可通行,,新建工程處,,安全可通行
54,四分橋,南港區,新建工程處,379110100G,111,安全可通行,108,新建工程處,,安全可通行
55,永思橋,南港區,新建工程處,379110100G,112,安全可通行,100,新建工程處,,安全可通行
56,公墓橋,南港區,新建工程處,379110100G,111,安全可通行,108,新建工程處,,安全可通行
57,雄獅橋,南港區,新建工程處,379110100G,112,安全可通行,110,新建工程處,,安全可通行
58,胡適橋,南港區,新建工程處,379110100G,111,安全可通行,106,新建工程處,,安全可通行
59,世杰橋,南港區,新建工程處,379110100G,112,安全可通行,100,新建工程處,,安全可通行
60,正義橋,內湖區,新建工程處,379110100G,112,安全可通行,109,新建工程處,,安全可通行
61,南港重陽路無名橋,南港區,新建工程處,379110100G,112,安全可通行,,新建工程處,,安全可通行
62,康忠橋,內湖區,新建工程處,379110100G,112,安全可通行,100,新建工程處,,安全可通行
63,坡內一號橋,內湖區,新建工程處,379110100G,112,安全可通行,,新建工程處,,安全可通行
64,安康橋,內湖區,新建工程處,379110100G,112,安全可通行,,新建工程處,,安全可通行
65,坡內二號橋,內湖區,新建工程處,379110100G,112,安全可通行,110,新建工程處,,安全可通行
66,舫妃橋,南港區,新建工程處,379110100G,112,安全可通行,,新建工程處,,安全可通行
67,南究橋,南港區,新建工程處,379110100G,112,安全可通行,102,新建工程處,,安全可通行
68,麗水橋,內湖區,新建工程處,379110100G,111,安全可通行,106,新建工程處,,安全可通行
69,景福橋,內湖區,新建工程處,379110100G,111,安全可通行,104,新建工程處,,安全可通行
70,康樂橋,內湖區,新建工程處,379110100G,111,安全可通行,,新建工程處,,安全可通行
71,汐湖二橋,內湖區,新建工程處,379110100G,111,安全可通行,109,新建工程處,,安全可通行
72,西川橋,內湖區,新建工程處,379110100G,112,安全可通行,,新建工程處,,安全可通行
73,大湖環湖步道,內湖區,新建工程處,379110100G,111,安全可通行,,新建工程處,,安全可通行
74,南深路棧道橋,南港區,新建工程處,379110100G,111,安全可通行,,新建工程處,,安全可通行
75,寶樹橋,南港區,新建工程處,379110100G,111,安全可通行,,新建工程處,,安全可通行
76,無名橋292,南港區,新建工程處,379110100G,111,安全可通行,,新建工程處,,安全可通行
77,陽明山人行地下道,北投區,新建工程處,379110100G,112,安全可通行,,新建工程處,,安全可通行
78,榮總人行地下道,北投區,新建工程處,379110100G,111,安全可通行,,新建工程處,61328,安全可通行
79,福林人行地下道,士林區,新建工程處,379110100G,112,安全可通行,,新建工程處,,安全可通行
80,劍潭站人行地下道,士林區,新建工程處,379110100G,112,安全可通行,,新建工程處,,安全可通行
81,中央稻香人行地下道,北投區,新建工程處,379110100G,112,安全可通行,,新建工程處,,安全可通行
82,忠義人行地下道,北投區,新建工程處,379110100G,112,安全可通行,,新建工程處,,安全可通行
83,和信醫院人行地下道,北投區,新建工程處,379110100G,112,安全可通行,105,新建工程處,,安全可通行
84,中央立功人行地下道,北投區,新建工程處,379110100G,112,安全可通行,106,新建工程處,,安全可通行
85,關渡站人行地下道,北投區,新建工程處,379110100G,112,安全可通行,,新建工程處,,安全可通行
86,中山通河人行地下道,士林區,新建工程處,379110100G,112,安全可通行,,新建工程處,,安全可通行
87,中央稻香車行地下道,北投區,新建工程處,379110100G,112,安全可通行,,新建工程處,2342091,安全可通行
88,中央立功車行地下道,北投區,新建工程處,379110100G,112,安全可通行,,新建工程處,2613655,安全可通行
89,中正文林人行天橋,士林區,新建工程處,379110100G,111,安全可通行,,新建工程處,,安全可通行
90,陽明高中人行天橋,士林區,新建工程處,379110100G,112,安全可通行,,新建工程處,,安全可通行
91,天母橋附設人行天橋,士林區,新建工程處,379110100G,112,安全可通行,,新建工程處,,安全可通行
92,承德吉利人行天橋,北投區,新建工程處,379110100G,111,安全可通行,,新建工程處,,安全可通行
93,社子國小人行天橋,士林區,新建工程處,379110100G,112,安全可通行,,新建工程處,,安全可通行
94,葫蘆國小人行天橋,士林區,新建工程處,379110100G,112,安全可通行,,新建工程處,6497471,安全可通行
95,迪化橋,士林區,新建工程處,379110100G,112,安全可通行,,新建工程處,,安全可通行
96,大度高架,北投區,新建工程處,379110100G,111,安全可通行,112,新建工程處,69905,安全可通行
97,重陽橋引道,士林區,新建工程處,379110100G,111,安全可通行,112,新建工程處,21699607,安全可通行
98,一德橋,北投區,新建工程處,379110100G,111,安全可通行,110,新建工程處,,安全可通行
99,洲美高架橋,北投區-士林區,新建工程處,379110100G,112,安全可通行,112,新建工程處,419430,安全可通行
100,文林橋,士林區,新建工程處,379110100G,111,安全可通行,112,新建工程處,69905,安全可通行
101,百齡橋,士林區,新建工程處,379110100G,112,安全可通行,112,新建工程處,5482872,安全可通行
102,望星橋,士林區,新建工程處,379110100G,112,安全可通行,,新建工程處,,安全可通行
103,雙溪橋,士林區,新建工程處,379110100G,111,安全可通行,112,新建工程處,5373258,安全可通行
104,福林橋,士林區,新建工程處,379110100G,111,安全可通行,112,新建工程處,3285783,安全可通行
105,雨農橋,士林區,新建工程處,379110100G,112,安全可通行,112,新建工程處,1888234,安全可通行
106,復興橋,士林區,新建工程處,379110100G,111,安全可通行,112,新建工程處,363413,安全可通行
107,文昌橋,士林區,新建工程處,379110100G,112,安全可通行,110,新建工程處,,安全可通行
108,馬槽橋,北投區,新建工程處,379110100G,112,安全可通行,110,新建工程處,,安全可通行
109,士林橋,士林區,新建工程處,379110100G,112,安全可通行,109,新建工程處,,安全可通行
110,小油坑橋,北投區,新建工程處,379110100G,112,安全可通行,112,新建工程處,69905,安全可通行
111,社子大橋,士林區,新建工程處,379110100G,112,安全可通行,112,新建工程處,69905,安全可通行
112,建德橋,士林區,新建工程處,379110100G,112,安全可通行,107,新建工程處,,安全可通行
113,石牌橋(壓力箱涵),士林區-北投區,新建工程處,379110100G,111,安全可通行,,新建工程處,,安全可通行
114,建民橋,士林區,新建工程處,379110100G,112,安全可通行,108,新建工程處,,安全可通行
115,東華橋,士林區,新建工程處,379110100G,111,安全可通行,112,新建工程處,69905,安全可通行
116,明德橋,士林區-北投區,新建工程處,379110100G,112,安全可通行,106,新建工程處,,安全可通行
117,天母橋,士林區,新建工程處,379110100G,111,安全可通行,112,新建工程處,69905,安全可通行
118,磺溪橋,士林區-北投區,新建工程處,379110100G,111,安全可通行,112,新建工程處,69905,安全可通行
119,永和橋,士林區-北投區,新建工程處,379110100G,111,安全可通行,112,新建工程處,69905,安全可通行
120,華興橋(人行),北投區,新建工程處,379110100G,111,安全可通行,112,新建工程處,69905,安全可通行
121,榮華三路便橋(人行),士林區-北投區,新建工程處,379110100G,112,安全可通行,108,新建工程處,,安全可通行
122,朝籟橋,北投區,新建工程處,379110100G,111,安全可通行,103,新建工程處,363252,安全可通行
123,西安橋,北投區,新建工程處,379110100G,111,安全可通行,112,新建工程處,69905,安全可通行
124,鎮安橋,北投區,新建工程處,379110100G,112,安全可通行,,新建工程處,,安全可通行
125,磺港溪四號橋,北投區,新建工程處,379110100G,111,安全可通行,112,新建工程處,69905,安全可通行
126,磺港溪三號橋,北投區,新建工程處,379110100G,112,安全可通行,110,新建工程處,,安全可通行
127,三合橋,北投區,新建工程處,379110100G,112,安全可通行,,新建工程處,,安全可通行
128,磺港溪二號橋,北投區,新建工程處,379110100G,112,安全可通行,109,新建工程處,,安全可通行
129,磺港溪一號橋,北投區,新建工程處,379110100G,112,安全可通行,108,新建工程處,,安全可通行
130,延壽橋,北投區,新建工程處,379110100G,111,安全可通行,,新建工程處,,安全可通行
131,大公橋,北投區,新建工程處,379110100G,112,安全可通行,,新建工程處,,安全可通行
132,新市橋,北投區,新建工程處,379110100G,112,安全可通行,,新建工程處,,安全可通行
133,磺港橋,北投區,新建工程處,379110100G,111,安全可通行,112,新建工程處,69905,安全可通行
134,吉林橋,北投區,新建工程處,379110100G,111,安全可通行,,新建工程處,,安全可通行
135,中和橋,北投區,新建工程處,379110100G,111,安全可通行,112,新建工程處,69905,安全可通行
136,北投大屯橋,北投區,新建工程處,379110100G,112,安全可通行,,新建工程處,,安全可通行
137,貴一橋,北投區,新建工程處,379110100G,112,安全可通行,,新建工程處,,安全可通行
138,貴二橋,北投區,新建工程處,379110100G,112,安全可通行,,新建工程處,,安全可通行
139,貴三橋,北投區,新建工程處,379110100G,112,安全可通行,,新建工程處,,安全可通行
140,貴四橋,北投區,新建工程處,379110100G,112,安全可通行,105,新建工程處,,安全可通行
141,貴五橋,北投區,新建工程處,379110100G,111,安全可通行,112,新建工程處,69905,安全可通行
142,貴六橋,北投區,新建工程處,379110100G,112,安全可通行,,新建工程處,,安全可通行
143,貴七橋,北投區,新建工程處,379110100G,111,安全可通行,,新建工程處,,安全可通行
144,明儀橋,北投區,新建工程處,379110100G,112,安全可通行,,新建工程處,,安全可通行
145,磺捷橋,北投區,新建工程處,379110100G,111,安全可通行,,新建工程處,,安全可通行
146,中稻橋,北投區,新建工程處,379110100G,111,安全可通行,112,新建工程處,69905,安全可通行
147,稻重橋,北投區,新建工程處,379110100G,111,安全可通行,112,新建工程處,69905,安全可通行
148,秀山橋,北投區,新建工程處,379110100G,112,安全可通行,,新建工程處,,安全可通行
149,中秀橋,北投區,新建工程處,379110100G,112,安全可通行,,新建工程處,,安全可通行
150,秀水橋,北投區,新建工程處,379110100G,111,安全可通行,,新建工程處,,安全可通行
151,秀磨橋,北投區,新建工程處,379110100G,111,安全可通行,,新建工程處,,安全可通行
152,豆豆橋,北投區,新建工程處,379110100G,111,安全可通行,,新建工程處,,安全可通行
153,秀溪橋,北投區,新建工程處,379110100G,112,安全可通行,,新建工程處,,安全可通行
154,正覺橋,北投區,新建工程處,379110100G,111,安全可通行,,新建工程處,,安全可通行
155,馨園橋,北投區,新建工程處,379110100G,111,安全可通行,,新建工程處,69905,安全可通行
156,秀秀橋,北投區,新建工程處,379110100G,111,安全可通行,,新建工程處,,安全可通行
157,自強橋(左),士林區,新建工程處,379110100G,111,安全可通行,,新建工程處,,安全可通行
158,自強橋(右),士林區,新建工程處,379110100G,111,安全可通行,,新建工程處,,安全可通行
159,婆婆橋,士林區,新建工程處,379110100G,112,安全可通行,,新建工程處,,安全可通行
160,勝利橋,士林區,新建工程處,379110100G,111,安全可通行,,新建工程處,,安全可通行
161,至善橋,士林區,新建工程處,379110100G,112,安全可通行,,新建工程處,,安全可通行
162,劍南橋,士林區,新建工程處,379110100G,111,安全可通行,,新建工程處,,安全可通行
163,外雙溪橋,士林區,新建工程處,379110100G,112,安全可通行,,新建工程處,,安全可通行
164,內雙溪橋,士林區,新建工程處,379110100G,112,安全可通行,,新建工程處,,安全可通行
165,碧溪橋,士林區,新建工程處,379110100G,112,安全可通行,,新建工程處,,安全可通行
166,礁坑一號橋,士林區,新建工程處,379110100G,112,安全可通行,,新建工程處,,安全可通行
167,礁坑二號橋,士林區,新建工程處,379110100G,112,安全可通行,,新建工程處,,安全可通行
168,礁坑橋,士林區,新建工程處,379110100G,112,安全可通行,,新建工程處,,安全可通行
169,聖人橋,士林區,新建工程處,379110100G,111,安全可通行,,新建工程處,,安全可通行
170,車登腳橋,士林區,新建工程處,379110100G,111,安全可通行,,新建工程處,,安全可通行
171,隱潭橋,北投區,新建工程處,379110100G,111,安全可通行,,新建工程處,,安全可通行
172,大貴橋,北投區,新建工程處,379110100G,112,安全可通行,,新建工程處,69905,安全可通行
173,大子橋,北投區,新建工程處,379110100G,112,安全可通行,,新建工程處,69905,安全可通行
174,大坑橋,北投區,新建工程處,379110100G,111,安全可通行,,新建工程處,69905,安全可通行
175,鼎興橋,北投區,新建工程處,379110100G,111,安全可通行,,新建工程處,,安全可通行
176,鄭厝橋,北投區,新建工程處,379110100G,111,安全可通行,,新建工程處,,安全可通行
177,鼎筆橋,北投區,新建工程處,379110100G,111,安全可通行,,新建工程處,69905,安全可通行
178,復長橋,北投區,新建工程處,379110100G,112,安全可通行,,新建工程處,,安全可通行
179,艦岩橋,北投區,新建工程處,379110100G,111,安全可通行,,新建工程處,,安全可通行
180,健行橋,北投區,新建工程處,379110100G,112,安全可通行,,新建工程處,,安全可通行
181,竹篙領橋,士林區,新建工程處,379110100G,111,安全可通行,,新建工程處,,安全可通行
182,菁礐橋,士林區,新建工程處,379110100G,112,安全可通行,,新建工程處,,安全可通行
183,青簾橋,北投區,新建工程處,379110100G,112,安全可通行,,新建工程處,,安全可通行
184,清溪橋,北投區,新建工程處,379110100G,111,安全可通行,,新建工程處,,安全可通行
185,新安橋,士林區,新建工程處,379110100G,111,安全可通行,,新建工程處,69905,安全可通行
186,中業橋,北投區,新建工程處,379110100G,111,安全可通行,,新建工程處,,安全可通行
187,行義橋,北投區,新建工程處,379110100G,111,安全可通行,,新建工程處,,安全可通行
188,莊頂路橋,士林區,新建工程處,379110100G,111,安全可通行,,新建工程處,,安全可通行
189,名勝橋,北投區,新建工程處,379110100G,111,安全可通行,112,新建工程處,69905,安全可通行
190,雷隱橋,北投區,新建工程處,379110100G,111,安全可通行,112,新建工程處,69905,安全可通行
191,徐公橋,北投區,新建工程處,379110100G,111,安全可通行,112,新建工程處,69905,安全可通行
192,挹翠橋,北投區,新建工程處,379110100G,111,安全可通行,112,新建工程處,69905,安全可通行
193,土地公埔橋,北投區,新建工程處,379110100G,111,安全可通行,104,新建工程處,,安全可通行
194,紗帽橋,北投區,新建工程處,379110100G,112,安全可通行,,新建工程處,,安全可通行
195,福菱橋,北投區,新建工程處,379110100G,112,安全可通行,,新建工程處,,安全可通行
196,永三橋,士林區,新建工程處,379110100G,112,安全可通行,,新建工程處,,安全可通行
197,福壽橋,士林區-北投區,新建工程處,379110100G,112,安全可通行,,新建工程處,69905,安全可通行
198,永公橋,士林區,新建工程處,379110100G,111,安全可通行,,新建工程處,,安全可通行
199,峰頂橋,士林區,新建工程處,379110100G,112,安全可通行,,新建工程處,,安全可通行
200,映竹橋,北投區,新建工程處,379110100G,111,安全可通行,,新建工程處,,安全可通行
201,風溪橋,北投區,新建工程處,379110100G,111,安全可通行,,新建工程處,69905,安全可通行
202,立農橋,北投區,新建工程處,379110100G,111,安全可通行,,新建工程處,,安全可通行
203,西立橋,北投區,新建工程處,379110100G,112,安全可通行,,新建工程處,,安全可通行
204,新園橋,士林區,新建工程處,379110100G,111,安全可通行,,新建工程處,,安全可通行
205,光明橋,北投區,新建工程處,379110100G,111,安全可通行,,新建工程處,,安全可通行
206,居安橋,士林區,新建工程處,379110100G,112,安全可通行,,新建工程處,,安全可通行
207,大屯橋,北投區,新建工程處,379110100G,111,安全可通行,,新建工程處,,安全可通行
208,啟岳橋,士林區,新建工程處,379110100G,112,安全可通行,,新建工程處,,安全可通行
209,長安橋,士林區,新建工程處,379110100G,111,安全可通行,,新建工程處,,安全可通行
210,至善二號橋,士林區,新建工程處,379110100G,112,安全可通行,,新建工程處,184038,安全可通行
211,新園一號橋,士林區,新建工程處,379110100G,111,安全可通行,,新建工程處,69905,安全可通行
212,新園二號橋,士林區,新建工程處,379110100G,111,安全可通行,,新建工程處,,安全可通行
213,新園三號橋,士林區,新建工程處,379110100G,111,安全可通行,,新建工程處,69905,安全可通行
214,山和橋,士林區,新建工程處,379110100G,111,安全可通行,,新建工程處,,安全可通行
215,東和橋,士林區,新建工程處,379110100G,111,安全可通行,,新建工程處,,安全可通行
216,天和橋,士林區,新建工程處,379110100G,111,安全可通行,,新建工程處,,安全可通行
217,石窟橋,北投區,新建工程處,379110100G,111,安全可通行,,新建工程處,,安全可通行
218,公館橋,北投區,新建工程處,379110100G,112,安全可通行,,新建工程處,,安全可通行
219,丹鳳橋,北投區,新建工程處,379110100G,112,安全可通行,,新建工程處,,安全可通行
220,杏林一號橋,北投區,新建工程處,379110100G,111,安全可通行,,新建工程處,69905,安全可通行
221,杏林二號橋,北投區,新建工程處,379110100G,111,安全可通行,,新建工程處,69905,安全可通行
222,杏林四號橋,北投區,新建工程處,379110100G,112,安全可通行,,新建工程處,,安全可通行
223,湯元橋,北投區,新建工程處,379110100G,112,安全可通行,,新建工程處,,安全可通行
224,奇岩橋,北投區,新建工程處,379110100G,111,安全可通行,,新建工程處,,安全可通行
225,農機便橋,北投區,新建工程處,379110100G,111,安全可通行,,新建工程處,69905,安全可通行
226,舊雙溪橋,北投區,新建工程處,379110100G,112,安全可通行,,新建工程處,,安全可通行
227,杏林三號橋,北投區,新建工程處,379110100G,111,安全可通行,,新建工程處,,安全可通行
228,水閘橋,北投區,新建工程處,379110100G,112,安全可通行,,新建工程處,,安全可通行
229,文化橋,北投區,新建工程處,379110100G,112,安全可通行,,新建工程處,,安全可通行
230,奇岩便橋,北投區,新建工程處,379110100G,112,安全可通行,,新建工程處,,安全可通行
231,雨聲橋,士林區,新建工程處,379110100G,112,安全可通行,,新建工程處,208703,安全可通行
232,內雙溪二號橋,士林區,新建工程處,379110100G,112,安全可通行,,新建工程處,,安全可通行
233,泉源一號橋,北投區,新建工程處,379110100G,111,安全可通行,,新建工程處,,安全可通行
234,水磨一號橋,北投區,新建工程處,379110100G,112,安全可通行,,新建工程處,,安全可通行
235,水磨二號橋,北投區,新建工程處,379110100G,112,安全可通行,,新建工程處,,安全可通行
236,永欣橋,北投區,新建工程處,379110100G,112,安全可通行,,新建工程處,,安全可通行
237,東行義橋,北投區,新建工程處,379110100G,111,安全可通行,,新建工程處,,安全可通行
238,北投橋,北投區,新建工程處,379110100G,111,安全可通行,,新建工程處,,安全可通行
239,開勝橋,北投區,新建工程處,379110100G,111,安全可通行,,新建工程處,,安全可通行
240,銀星橋,北投區,新建工程處,379110100G,111,安全可通行,,新建工程處,69905,安全可通行
241,無名橋106,北投區,新建工程處,379110100G,112,安全可通行,,新建工程處,,安全可通行
242,無名橋185,北投區,新建工程處,379110100G,112,安全可通行,,新建工程處,,安全可通行
243,堉琪橋,北投區,新建工程處,379110100G,111,安全可通行,,新建工程處,69905,安全可通行
244,至善路棧道橋,士林區,新建工程處,379110100G,111,安全可通行,,新建工程處,69905,安全可通行
245,大度路3段至4段拓寬,北投區,新建工程處,379110100G,111,安全可通行,,新建工程處,,安全可通行
246,七星橋(箱涵),北投區,新建工程處,379110100G,111,安全可通行,,新建工程處,,安全可通行
247,立德路2號棧道,北投區,新建工程處,379110100G,111,安全可通行,,新建工程處,,安全可通行
248,大度貴子坑便橋,北投區,新建工程處,379110100G,111,安全可通行,,新建工程處,,安全可通行
249,大度路3段棧橋,北投區,新建工程處,379110100G,111,安全可通行,,新建工程處,,安全可通行
250,中正承德棧橋,士林區,新建工程處,379110100G,111,安全可通行,,新建工程處,334816,安全可通行
251,大師橋,北投區,新建工程處,379110100G,111,安全可通行,,新建工程處,,安全可通行
252,百拉卡橋,北投區,新建工程處,379110100G,111,安全可通行,,新建工程處,,安全可通行
253,圓山人行地下道,中山區,新建工程處,379110100G,112,安全可通行,,新建工程處,,安全可通行
254,啟聰人行地下道,大同區,新建工程處,379110100G,112,安全可通行,,新建工程處,,安全可通行
255,行天宮人行地下道,中山區,新建工程處,379110100G,111,安全可通行,,新建工程處,,安全可通行
256,重慶民權人行地下道,大同區,新建工程處,379110100G,111,安全可通行,,新建工程處,729375,安全可通行
257,台北橋(二)人行地下道,大同區,新建工程處,379110100G,111,安全可通行,,新建工程處,,安全可通行
258,行政院人行地下道,中正區,新建工程處,379110100G,112,安全可通行,,新建工程處,,安全可通行
259,臺大人行地下道,中正區,新建工程處,379110100G,111,安全可通行,,新建工程處,,安全可通行
260,公館(一)人行地下道,中正區,新建工程處,379110100G,112,安全可通行,,新建工程處,,安全可通行
261,仁愛林森人行地下道,中正區,新建工程處,379110100G,112,安全可通行,,新建工程處,,安全可通行
262,萬大富民人行地下道,萬華區,新建工程處,379110100G,112,安全可通行,,新建工程處,,安全可通行
263,松江民生人行地下道,中山區,新建工程處,379110100G,112,安全可通行,,新建工程處,,安全可通行
264,大直人行地下道,中山區,新建工程處,379110100G,112,安全可通行,,新建工程處,,安全可通行
265,汀州師大人行地下道,中正區,新建工程處,379110100G,112,安全可通行,,新建工程處,147814,安全可通行
266,林森市民人行地下道,中山區,新建工程處,379110100G,112,安全可通行,,新建工程處,,安全可通行
267,台大醫院人行地下道,中正區,新建工程處,379110100G,111,安全可通行,,新建工程處,147814,安全可通行
268,大直機車道車行地下道,中山區,新建工程處,379110100G,111,安全可通行,,新建工程處,1178371,安全可通行
269,忠孝西路車行地下道,中正區,新建工程處,379110100G,112,安全可通行,,新建工程處,,安全可通行
270,林森南路車行地下道,中正區,新建工程處,379110100G,112,安全可通行,,新建工程處,,安全可通行
271,水源車行地下道,中正區,新建工程處,379110100G,112,安全可通行,,新建工程處,,安全可通行
272,復北車行地下道,中山區,新建工程處,379110100G,112,安全可通行,,新建工程處,9059254,安全可通行
273,和平環河人行天橋,萬華區,新建工程處,379110100G,112,安全可通行,,新建工程處,6460585,安全可通行
274,水源同安人行天橋,中正區,新建工程處,379110100G,112,安全可通行,,新建工程處,,安全可通行
275,水源詔安人行天橋,中正區,新建工程處,379110100G,112,安全可通行,,新建工程處,,安全可通行
276,太平國小人行天橋,大同區,新建工程處,379110100G,112,安全可通行,105,新建工程處,,安全可通行
277,承德民權人行天橋,大同區,新建工程處,379110100G,111,安全可通行,107,新建工程處,,安全可通行
278,行政院人行天橋,中正區,新建工程處,379110100G,112,安全可通行,108,新建工程處,,安全可通行
279,承德敦煌人行天橋,大同區,新建工程處,379110100G,112,安全可通行,109,新建工程處,,安全可通行
280,重慶南海人行天橋,中正區,新建工程處,379110100G,112,安全可通行,108,新建工程處,,安全可通行
281,水源萬大人行天橋,萬華區,新建工程處,379110100G,112,安全可通行,107,新建工程處,,安全可通行
282,承德市民人行天橋,大同區-中正區,新建工程處,379110100G,111,安全可通行,112,新建工程處,3721623,安全可通行
283,環南三段人行天橋,萬華區,新建工程處,379110100G,112,安全可通行,101,新建工程處,,安全可通行
284,光復人行天橋,萬華區,新建工程處,379110100G,112,安全可通行,107,新建工程處,,安全可通行
285,古亭國中人行天橋,萬華區-中正區,新建工程處,379110100G,112,安全可通行,109,新建工程處,,安全可通行
286,中華景觀(電梯、電扶梯)人行天橋,中正區-萬華區,新建工程處,379110100G,111,安全可通行,109,新建工程處,,安全可通行
287,青島一館人行天橋,中正區,新建工程處,379110100G,111,安全可通行,,新建工程處,,安全可通行
288,樂群一號人行天橋,中山區,新建工程處,379110100G,112,安全可通行,,新建工程處,,安全可通行
289,樂群二號人行天橋,中山區,新建工程處,379110100G,112,安全可通行,,新建工程處,,安全可通行
290,樂群三號人行天橋,中山區,新建工程處,379110100G,112,安全可通行,,新建工程處,,安全可通行
291,騰雲人行天橋,萬華區,新建工程處,379110100G,111,安全可通行,,新建工程處,,安全可通行
292,中山酒泉人行天橋,中山區,新建工程處,379110100G,111,安全可通行,,新建工程處,,安全可通行
293,萬華車站(東)人行天橋,萬華區,新建工程處,379110100G,111,安全可通行,,新建工程處,,安全可通行
294,萬華車站(西)人行天橋,萬華區,新建工程處,379110100G,111,安全可通行,,新建工程處,,安全可通行
295,B2C2連通人行天橋,中山區,新建工程處,379110100G,111,安全可通行,,新建工程處,,安全可通行
296,客家主題公園人行天橋,中正區,新建工程處,379110100G,111,安全可通行,,新建工程處,,安全可通行
297,舊環南高架,萬華區,新建工程處,379110100G,111,安全可通行,,新建工程處,,安全可通行
298,新生高架,中山區-中正區,新建工程處,379110100G,112,安全可通行,,新建工程處,533012,安全可通行
299,水源堤防道路,萬華區-中正區,新建工程處,379110100G,111,安全可通行,,新建工程處,147814,安全可通行
300,慶昌橋,大同區,新建工程處,379110100G,111,安全可通行,,新建工程處,,安全可通行
301,新環河高架,萬華區-大同區,新建工程處,379110100G,111,安全可通行,,新建工程處,11542977,安全可通行
302,光復橋引道,萬華區,新建工程處,379110100G,111,安全可通行,,新建工程處,,安全可通行
303,中興橋引道,萬華區,新建工程處,379110100G,111,安全可通行,,新建工程處,327677,安全可通行
304,華江橋引道,萬華區,新建工程處,379110100G,111,安全可通行,,新建工程處,327677,安全可通行
305,濱江跨越橋,中山區,新建工程處,379110100G,111,安全可通行,,新建工程處,338455,安全可通行
306,台北橋引道,大同區,新建工程處,379110100G,111,安全可通行,,新建工程處,81641,安全可通行
307,萬板大橋引道,萬華區,新建工程處,379110100G,111,安全可通行,,新建工程處,,安全可通行
308,忠孝橋引道,萬華區,新建工程處,379110100G,111,安全可通行,,新建工程處,803171,安全可通行
309,華翠大橋引道,萬華區,新建工程處,379110100G,111,安全可通行,,新建工程處,,安全可通行
310,中正橋,中正區,新建工程處,379110100G,,安全可通行,,新建工程處,,安全可通行
311,永福橋,中正區,新建工程處,379110100G,112,安全可通行,,新建工程處,,安全可通行
312,承德橋,大同區-士林區,新建工程處,379110100G,111,安全可通行,,新建工程處,110779,安全可通行
313,華中橋,萬華區,新建工程處,379110100G,111,安全可通行,,新建工程處,,安全可通行
314,大直橋,中山區,新建工程處,379110100G,112,安全可通行,,新建工程處,1137378,安全可通行
315,中山橋,中山區,新建工程處,379110100G,111,安全可通行,,新建工程處,,安全可通行
316,自強隧道,中山區-士林區,新建工程處,379110100G,111,安全可通行,,新建工程處,16160397,安全可通行
317,圓山隧道,中山區,新建工程處,379110100G,112,安全可通行,,新建工程處,,安全可通行
318,濱江橋,中山區,新建工程處,379110100G,111,安全可通行,,新建工程處,,安全可通行
319,民族橋,中山區,新建工程處,379110100G,112,安全可通行,,新建工程處,,安全可通行
320,民權橋,中山區,新建工程處,379110100G,112,安全可通行,,新建工程處,,安全可通行
321,錦州橋,中山區,新建工程處,379110100G,111,安全可通行,,新建工程處,230166,安全可通行
322,民生橋,中山區,新建工程處,379110100G,111,安全可通行,,新建工程處,,安全可通行
323,長春橋,中山區,新建工程處,379110100G,112,安全可通行,,新建工程處,,安全可通行
324,長安橋,中山區,新建工程處,379110100G,112,安全可通行,,新建工程處,,安全可通行
325,惠通橋(拱形),中山區,新建工程處,379110100G,112,安全可通行,,新建工程處,,安全可通行
326,松烏橋,中山區,新建工程處,379110100G,111,安全可通行,,新建工程處,284959,安全可通行
327,濱江一號橋,中山區,新建工程處,379110100G,112,安全可通行,,新建工程處,,安全可通行
328,濱江二號橋,中山區,新建工程處,379110100G,111,安全可通行,108,新建工程處,,安全可通行
329,太陽橋,中山區,新建工程處,379110100G,111,安全可通行,109,新建工程處,,安全可通行
330,敦煌景觀(二),大同區,新建工程處,379110100G,111,安全可通行,,新建工程處,,安全可通行
331,敦煌景觀(一),大同區,新建工程處,379110100G,111,安全可通行,,新建工程處,,安全可通行
332,信義金山人行地下道,大安區-中正區,新建工程處,379110100G,112,安全可通行,,新建工程處,,安全可通行
333,師大和平人行地下道,大安區,新建工程處,379110100G,111,安全可通行,,新建工程處,,安全可通行
334,師大人行地下道,大安區,新建工程處,379110100G,112,安全可通行,,新建工程處,,安全可通行
335,台北科大人行地下道,大安區,新建工程處,379110100G,111,安全可通行,,新建工程處,,安全可通行
336,敦化基隆人行地下道,大安區,新建工程處,379110100G,112,安全可通行,,新建工程處,,安全可通行
337,新光連通道人行地下道,信義區,新建工程處,379110100G,111,安全可通行,,新建工程處,,安全可通行
338,中強公園人行地下道,信義區,新建工程處,379110100G,112,安全可通行,,新建工程處,,安全可通行
339,統一連通道人行地下道,信義區,新建工程處,379110100G,111,安全可通行,,新建工程處,,安全可通行
340,市府轉運連通道人行地下道,信義區,新建工程處,379110100G,111,安全可通行,,新建工程處,,安全可通行
341,公館車行地下道,文山區-中正區,新建工程處,379110100G,111,安全可通行,,新建工程處,,安全可通行
342,三總車行地下道,大安區,新建工程處,379110100G,112,安全可通行,,新建工程處,,安全可通行
343,辛亥車行地下道,大安區,新建工程處,379110100G,111,安全可通行,,新建工程處,,安全可通行
344,基隆路車行地下道,信義區,新建工程處,379110100G,111,安全可通行,,新建工程處,4960927,安全可通行
345,信義車行地下道,信義區,新建工程處,379110100G,112,安全可通行,,新建工程處,,安全可通行
346,懷生國小人行天橋,大安區-中山區,新建工程處,379110100G,112,安全可通行,,新建工程處,,安全可通行
347,興雅國小人行天橋,信義區,新建工程處,379110100G,111,安全可通行,,新建工程處,,安全可通行
348,銘傳國小人行天橋,大安區,新建工程處,379110100G,112,安全可通行,,新建工程處,,安全可通行
349,懷生國中人行天橋,大安區,新建工程處,379110100G,112,安全可通行,,新建工程處,,安全可通行
350,新生和平人行天橋,大安區,新建工程處,379110100G,111,安全可通行,,新建工程處,184409,安全可通行
351,三興人行天橋,信義區,新建工程處,379110100G,111,安全可通行,,新建工程處,142907,安全可通行
352,師專附小人行天橋,大安區,新建工程處,379110100G,112,安全可通行,,新建工程處,,安全可通行
353,實踐國中人行天橋,文山區,新建工程處,379110100G,112,安全可通行,,新建工程處,,安全可通行
354,景美堤外人行天橋,文山區,新建工程處,379110100G,112,安全可通行,,新建工程處,,安全可通行
355,永吉松隆人行天橋,信義區,新建工程處,379110100G,112,安全可通行,,新建工程處,,安全可通行
356,松山高中(電扶梯)人行天橋,信義區,新建工程處,379110100G,111,安全可通行,,新建工程處,,安全可通行
357,金融世貿人行天橋,信義區,新建工程處,379110100G,111,安全可通行,,新建工程處,,安全可通行
358,金融君悅人行天橋,信義區,新建工程處,379110100G,111,安全可通行,,新建工程處,,安全可通行
359,金融紐約人行天橋,信義區,新建工程處,379110100G,111,安全可通行,,新建工程處,,安全可通行
360,A8A9連通人行天橋,信義區,新建工程處,379110100G,111,安全可通行,,新建工程處,,安全可通行
361,A9A11連通人行天橋,信義區,新建工程處,379110100G,112,安全可通行,,新建工程處,,安全可通行
362,華納紐約人行天橋,信義區,新建工程處,379110100G,112,安全可通行,,新建工程處,,安全可通行
363,新光華納人行天橋,信義區,新建工程處,379110100G,112,安全可通行,,新建工程處,,安全可通行
364,新光松高人行天橋,信義區,新建工程處,379110100G,112,安全可通行,,新建工程處,,安全可通行
365,A12松仁連通人行天橋,信義區,新建工程處,379110100G,111,安全可通行,,新建工程處,,安全可通行
366,A3A4連通人行天橋,信義區,新建工程處,379110100G,112,安全可通行,,新建工程處,,安全可通行
367,A16A17連通人行天橋,信義區,新建工程處,379110100G,111,安全可通行,,新建工程處,,安全可通行
368,A4A5連通人行天橋,信義區,新建工程處,379110100G,111,安全可通行,,新建工程處,,安全可通行
369,A10連通(共8座)人行天橋,信義區,新建工程處,379110100G,111,安全可通行,,新建工程處,,安全可通行
370,微風南山(西)人行天橋,信義區,新建工程處,379110100G,111,安全可通行,,新建工程處,,安全可通行
371,微風南山(北)人行天橋,信義區,新建工程處,379110100G,111,安全可通行,,新建工程處,,安全可通行
372,微風南山(東)人行天橋,信義區,新建工程處,379110100G,111,安全可通行,,新建工程處,,安全可通行
373,A13連通人行天橋,信義區,新建工程處,379110100G,112,安全可通行,,新建工程處,,安全可通行
374,A9、A11三樓人行天橋,信義區,新建工程處,379110100G,112,安全可通行,,新建工程處,,安全可通行
375,建國高架,大安區-中山區,新建工程處,379110100G,111,安全可通行,,新建工程處,922044,安全可通行
376,基隆路高架,大安區,新建工程處,379110100G,111,安全可通行,,新建工程處,737635,安全可通行
377,辛亥高架,大安區,新建工程處,379110100G,111,安全可通行,,新建工程處,368818,安全可通行
378,水源高架,文山區,新建工程處,379110100G,111,安全可通行,,新建工程處,26638147,安全可通行
379,市民大道,信義區-大同區,新建工程處,379110100G,111,安全可通行,,新建工程處,553226,安全可通行
380,信義聯絡高架,信義區,新建工程處,379110100G,111,安全可通行,,新建工程處,,安全可通行
381,新景美溪橋引道,文山區,新建工程處,379110100G,111,安全可通行,,新建工程處,184409,安全可通行
382,福和橋,文山區-中正區,新建工程處,379110100G,111,安全可通行,,新建工程處,411763,安全可通行
383,道南橋,文山區,新建工程處,379110100G,111,安全可通行,,新建工程處,1040932,安全可通行
384,北新橋,文山區,新建工程處,379110100G,111,安全可通行,,新建工程處,184409,安全可通行
385,景美橋,文山區,新建工程處,379110100G,112,安全可通行,,新建工程處,,安全可通行
386,寶橋,文山區,新建工程處,379110100G,111,安全可通行,,新建工程處,,安全可通行
387,萬壽橋,文山區,新建工程處,379110100G,111,安全可通行,,新建工程處,4527968,安全可通行
388,文和橋,文山區,新建工程處,379110100G,111,安全可通行,,新建工程處,,安全可通行
389,萬福橋,文山區,新建工程處,379110100G,111,安全可通行,,新建工程處,184409,安全可通行
390,一壽橋,文山區,新建工程處,379110100G,111,安全可通行,,新建工程處,184409,安全可通行
391,恒光橋,文山區,新建工程處,379110100G,111,安全可通行,,新建工程處,,安全可通行
392,莊敬隧道,文山區,新建工程處,379110100G,111,安全可通行,,新建工程處,,安全可通行
393,辛亥隧道,文山區,新建工程處,379110100G,111,安全可通行,,新建工程處,,安全可通行
394,懷恩隧道,文山區,新建工程處,379110100G,111,安全可通行,,新建工程處,,安全可通行
395,文山隧道,信義區,新建工程處,379110100G,111,安全可通行,,新建工程處,184409,安全可通行
396,象山隧道,信義區,新建工程處,379110100G,111,安全可通行,,新建工程處,,安全可通行
397,旺邦隧道,文山區,新建工程處,379110100G,111,安全可通行,,新建工程處,,安全可通行
398,八德橋,大安區-中山區,新建工程處,379110100G,111,安全可通行,,新建工程處,184409,安全可通行
399,信義路八號橋,信義區,新建工程處,379110100G,112,安全可通行,,新建工程處,,安全可通行
400,東山橋,文山區,新建工程處,379110100G,112,安全可通行,,新建工程處,,安全可通行
401,泉小橋,文山區,新建工程處,379110100G,112,安全可通行,,新建工程處,,安全可通行
402,老芋橋,文山區,新建工程處,379110100G,112,安全可通行,,新建工程處,,安全可通行
403,混元橋,文山區,新建工程處,379110100G,112,安全可通行,,新建工程處,,安全可通行
404,老泉橋,文山區,新建工程處,379110100G,111,安全可通行,,新建工程處,,安全可通行
405,指三橋,文山區,新建工程處,379110100G,112,安全可通行,,新建工程處,,安全可通行
406,玉惜橋,文山區,新建工程處,379110100G,112,安全可通行,,新建工程處,,安全可通行
407,魚衡仔橋,文山區,新建工程處,379110100G,112,安全可通行,,新建工程處,,安全可通行
408,北實橋,文山區,新建工程處,379110100G,112,安全可通行,,新建工程處,,安全可通行
409,北政橋,文山區,新建工程處,379110100G,112,安全可通行,,新建工程處,,安全可通行
410,道南木棧道,文山區,新建工程處,379110100G,112,安全可通行,,新建工程處,,安全可通行
411,無名橋139,信義區,新建工程處,379110100G,112,安全可通行,,新建工程處,,安全可通行
412,無名橋140,信義區,新建工程處,379110100G,112,安全可通行,,新建工程處,,安全可通行
413,無名橋166,信義區,新建工程處,379110100G,112,安全可通行,,新建工程處,,安全可通行
414,信義西大排,信義區,新建工程處,379110100G,111,安全可通行,110,新建工程處,,安全可通行
415,萬盛橋,文山區,新建工程處,379110100G,111,安全可通行,,新建工程處,,安全可通行
416,吳興街524巷板橋,信義區,新建工程處,379110100G,112,安全可通行,,新建工程處,,安全可通行
