序號,行政區,行政區編碼,稽查地點,稽查日期
1,士林區,15,中山北路六段100~200號,1080618
2,松山區,1,民生東路四段100~200號,1080608
3,大安區,2,臥龍街200~300號,1080525
4,中正區,3,八德路1段1~100巷,1080607
5,松山區,1,南京東路四段1~100號,1080429
6,士林區,15,延平北路五段100~200號,1080616
7,大安區,2,延吉街1~100巷,1080402
8,士林區,15,中山北路七段1~100巷,1080521
9,大安區,2,樂利路28巷1~100號,1080630
10,大安區,2,安和路二段1~100號,1080406
11,大安區,2,泰順街1~100號,1080607
12,中山區,10,敬業三路100~200號,1080615
13,松山區,1,新東街與民生東路,1080715
14,中正區,3,杭州南路一段1~100號,1080712
15,松山區,1,民生東路五段100~200號,1080815
16,內湖區,14,康寧路三段165巷14弄1~100號,1080704
17,中山區,10,遼寧街170巷1~100號,1080803
18,中山區,10,長安東路二段1~100號,1080806
19,中山區,10,雙城街25巷1~100號,1080811
20,中山區,10,建國北路2段1~100號,1080721
21,士林區,15,文林路400~500號,1080708
22,大同區,9,民生西路200~300號,1080823
23,北投區,16,中和街300~400號後方,1080709
24,士林區,15,中山北路六段100~200號,1080722
25,文山區,11,羅斯福路6段1~100號,1080729
26,士林區,15,中山北路六段100~200號1樓,1080829
27,士林區,15,中山北路六段100~200號1樓,1080829
28,士林區,15,中山北路六段100~200號1樓,1080826
29,大安區,2,樂利路1~100巷,1080812
30,大安區,2,樂利路陳情人居住地,1080811
31,大安區,2,大安區樂利路1~100巷,1080802
32,大安區,2,樂利路1~100號,1080730
33,中山區,10,南京東路2段1~100號,1080814
34,大安區,2,安和路2段100~200巷,1080809
35,信義區,17,莊敬路400~500號,1080829
36,大安區,2,樂利路1~100巷,1080731
37,大安區,2,樂利路1~100巷,1080801
38,大安區,2,樂利路1~100號,1080804
39,中山區,10,新生北路2段1~100號,1080923
40,萬華區,5,環河南路一段100~200號,1080917
41,北投區,16,致遠一路二段1~100號,1080917
42,文山區,11,木柵路一段1~100號,1080905
43,內湖區,14,文湖街1~100號,1080910
44,中正區,3,延平南路100~200號,1080925
45,士林區,15,中山北路六段100~200號,1080828
46,中正區,3,羅斯福路3段1~100號,1081015
47,內湖區,14,行善路300~400巷,1081227
48,中山區,10,農安街1~100號,1081105
49,內湖區,14,港墘路100~200號,1081024
50,內湖區,14,康寧路三段189巷12弄1~100號,1081108
51,萬華區,5,康定路1~100巷,1081226
52,士林區,15,福華路100~200號,1081127
53,士林區,15,福華路100~200號,1081223
54,士林區,15,福華路100~200號,1081217
55,松山區,1,延吉街1~100號,1081104
56,文山區,11,仙岩路1~100巷,1081124
57,士林區,15,忠誠路一段1~100號,1081212
58,士林區,15,德行東路200~300號,1081017
59,大安區,2,金華街164巷1弄1~100號,1081210
60,大安區,2,金華街164巷1弄1~100號,1081209
61,中正區,3,重慶南路1段1~100號,1081219
62,大安區,2,金華街172巷1~100號,1081008
63,大安區,2,金華街164巷1弄1~100號,1081208
64,北投區,16,中山路1~100號,1081126
65,北投區,16,中山路1~100號,1081126
66,北投區,16,中山路1~100號,1081026
67,文山區,11,木柵路3段1~100號,1081127
68,中山區,10,松江路123巷1~100號,1081025
69,大同區,9,民權西路100~200號,1081021
70,萬華區,5,昆明街1~100號,1090101
71,大安區,2,敦化南路一段187巷1~100號,1090323
72,北投區,16,振華街1~100號後方防火巷,1090317
73,士林區,15,中山北路六段157巷1~100弄,1090218
74,中山區,10,民權西路1~100號,1090127
75,士林區,15,德行東路331巷51弄1~100號,1090309
76,中山區,10,建國北路二段1~100號,1090108
77,北投區,16,實踐街1~100號,1090216
78,大安區,2,金山南路二段陳情人指定地點,1090322
79,南港區,13,成福路1~100號前,1090127
80,中正區,3,重慶南路1段1~100號,1090125
81,士林區,15,天母北路1~100號,1090312
82,信義區,17,永吉路120巷3弄1~100號,1090225
83,萬華區,5,興義街1~100號,1090106
84,中山區,10,松江路123巷1~100號,1090215
85,萬華區,5,和德里022鄰興義街1~100號,1090317
86,信義區,17,吳興街394巷1~100號,1090626
87,中正區,3,新生南路一段1~100號,1090616
88,大同區,9,民樂街1~100號,1090613
89,北投區,16,石牌路二段1~100號,1090501
90,松山區,1,光復北路230巷1~100號,1090603
91,中正區,3,思源街底水岸廣場,1090628
92,中正區,3,延平南路1~100號,1090419
93,南港區,13,重陽路1~100號,1090509
94,中山區,10,農安街1巷1~100號,1090531
95,中山區,10,新生北路二段137巷1~100號,1090413
96,大同區,9,民生西路171巷及寧夏路45巷,1090508
97,中山區,10,雙城街28巷1~100號,1090621
98,南港區,13,研究院路二段1~100號,1090524
99,萬華區,5,環河南路一段100~200號,1090508
100,士林區,15,天母西路41巷1~100號,1090613
101,北投區,16,石牌路二段1~100號,1090605
102,大安區,2,光復南路456巷1~100號,1090605
103,大安區,2,金山南路二段200~300號,1090401
104,大安區,2,光復南路456巷1~100號,1090430
105,大安區,2,基隆路三段155巷1~100號,1090614
106,信義區,17,光復南路400~500號,1090501
107,大同區,9,民權西路100~200號,1090530
108,大同區,9,民權西路100~200號,1090629
109,大同區,9,民權西路100~200號,1090630
110,大安區,2,忠孝東路四段100~200巷,1090612
111,內湖區,14,金龍路100~200號,1090605
112,信義區,17,吳興街300~350號,1090708
113,大安區,2,新生南路一段161巷1~50號,1090824
114,萬華區,5,昆明街1~50號,1090818
115,信義區,17,永吉路459巷5弄1~50號,1090916
116,中山區,10,八德路二段300巷50~100號,1090710
117,大安區,2,忠孝東路四段２２３巷1~50弄,1090706
118,北投區,16,實踐街50~100號旁,1090818
119,中山區,10,大直街62巷5弄1~50號,1090808
120,信義區,17,松勤街100~150號,1090815
121,大安區,2,敦化南路1段177巷1~50號,1090725
122,信義區,17,忠孝東路四段181巷35弄1~50號,1090815
123,內湖區,14,內湖路一段217巷50~100號,1090713
124,信義區,17,信義路五段1~50號,1090830
125,中山區,10,中山北路二段1~50巷,1090820
126,中正區,3,開封街一段1~50號,1090911
127,大同區,9,民權西路150~200號,1090704
128,大同區,9,民權西路150~200號,1090705
129,大同區,9,民權西路150~200號,1090703
130,大同區,9,民權西路150~200號,1090708
131,大同區,9,民權西路150~200號,1090704
132,大安區,2,大安路一段51巷1~50號,1090902
133,大同區,9,民權西路150~200號,1090707
134,大同區,9,民權西路150~200號,1090709
135,萬華區,5,環河南路二段250~300號,1090829
136,大安區,2,復興南路二段175之1-100號,1091027
137,大安區,2,安和路2段１-100號,1091024
138,信義區,17,忠孝東路五段100-200號,1091010
139,士林區,15,福華路100-200號,1091006
140,士林區,15,福華路100-200號,1091025
141,北投區,16,榮華一路5巷1-100號,1091014
142,大安區,2,和平東路1段1-100號,1091022
143,信義區,17,吳興街1-100號,1091006
144,松山區,1,新中街1-100號,1091030
145,內湖區,14,東湖路106巷7弄1-100號,1091115
146,大同區,9,長安西路100-200號,1091125
147,萬華區,5,成都路1-100號,1091123
148,北投區,16,振華街1-100號,1091127
149,北投區,16,尊賢街239巷1-100號,1091120
150,文山區,11,興隆路二段220巷1-100號,1091102
151,南港區,13,研究院路一段1-100號,1091120
152,內湖區,14,東湖路106巷7弄1-100號,1091115
153,士林區,15,天玉街38巷1-100號,1091112
154,士林區,15,福華路100-200號,1091118
155,大安區,2,忠孝東路4段205巷1-100號,1091118
156,松山區,1,南京東路五段250巷1-100號,1091119
157,大安區,2,泰順街1-100號,1091120
158,大安區,2,和平東路一段199巷1-100號,1091103
159,大安區,2,延吉街100-200號,1091109
160,中正區,3,濟南路二段1-100號,1091124
161,大安區,2,忠孝東路四段181巷35弄1-100號,1091101
162,士林區,15,福華路100-200號,1091106
163,大同區,9,承德路一段24巷1-100號,1091231
164,信義區,17,忠孝東路五段100-200號,1091213
165,士林區,15,福華路100-200號,1091229
166,士林區,15,福華路100-200號,1091228
167,大安區,2,金山南路二段1-100號,1091203
168,大安區,2,金山南路二段1-100號,1091210
169,大安區,2,忠孝東路4段181巷35弄1-100號,1091212
170,大安區,2,光復南路280巷1-100號,1091226
171,大安區,2,通化街171巷1-100號,1091225
172,南港區,13,新民街1-100號,1091226
173,松山區,1,新中街1-100號,1091212
174,中山區,10,伊通街1-100號,1091212
175,中山區,10,松江路69巷1-100號,1091213
176,中山區,10,伊通街1-100號,1091212
177,信義區,17,永吉路1-100號,1100104
178,士林區,15,忠誠路二段1-100號,1100105
179,南港區,13,研究院路1段1-100號,1100109
180,北投區,16,尊賢街1-100號,1100112
181,士林區,15,至誠路一段1-100號,1100114
182,大安區,2,忠孝東路4段1-100號,1100117
183,信義區,17,松壽路1-100號,1100117
184,中正區,3,重慶南路一段1-100號,1100118
185,北投區,16,奇岩路1-100號,1100121
186,士林區,15,大南路200-300號,1100123
187,士林區,15,福華路100-200號,1100127
188,大安區,2,信義路四段1-100號,1100130
189,士林區,15,福華路100-200號,1100204
190,松山區,1,八德路三段200-300號,1100205
191,士林區,15,福華路100-200號,1100206
192,信義區,17,忠孝東路五段100-200號,1100207
193,內湖區,14,舊宗路一段1-100號,1100213
194,松山區,1,光復北路1-100號,1100220
195,士林區,15,福華路100-200號,1100223
196,南港區,13,研究院路一段1-100號,1100227
197,信義區,17,忠孝東路五段100-200號,1100228
198,士林區,15,福華路100-200號,1100303
199,南港區,13,研究院路1段1-100號,1100307
200,大同區,9,重慶北路三段200-300號,1100310
201,信義區,17,松壽路1-100號,1100314
202,士林區,15,福國路1-100號,1100316
203,大同區,9,民權西路100-200號,1100318
204,中山區,10,雙城街1-100號,1100321
205,士林區,15,福華路100-200號,1100326
206,中山區,10,北安路1-100號,1100327
207,萬華區,5,成都路1-100號,1100328
208,士林區,15,福華路100-200號,1100405
209,中正區,3,紹興南街1-100號,1100404
210,大安區,2,溫州街1-100號,1100411
211,內湖區,14,文德路1-100號,1100416
212,大同區,9,赤峰街1-100號,1100411
213,大安區,2,泰順街1-100號,1100501
214,士林區,15,福華路100-200號,1100514
215,信義區,17,吳興街200-300號,1100505
216,北投區,16,西安街二段200-300號,1100511
217,士林區,15,福華路100-200號,1100504
218,南港區,13,重陽路100-200號,1100612
219,大安區,2,忠孝東路三段217巷1弄1-100號,1100727
220,松山區,1,光復北路100-200號,1100716
221,大安區,2,仁愛路四段345巷4弄1-100號,1100704
222,士林區,15,福華路100-200號,1100811
223,大安區,2,辛亥路一段1-100號,1100805
224,大安區,2,仁愛路四段345巷4弄1-100號,1100809
225,大安區,2,安和路一段102巷1-100號,1100813
226,大安區,2,基隆路二段200-300號,1100813
227,大安區,2,仁愛路四段345巷15弄1-100號,1100827
228,信義區,17,基隆路二段100-200號,1100813
229,信義區,17,林口街100-200號,1100820
230,士林區,15,福華路100-200號,1100902
231,士林區,15,福華路128巷1弄1-100號,1100908
232,士林區,15,福華路100-200號,1100914
233,大安區,2,林口街100-200號,1100910
234,大安區,2,泰順街1-100號,1100930
235,北投區,16,明德路100-200號,1100915
236,北投區,16,致遠二路5巷1-100號,1100925
237,松山區,1,光復北路100-200號,1100910
238,松山區,1,敦化北路165巷1-100號,1100917
239,松山區,1,市民大道四段100-200號,1100929
240,信義區,17,林口街100-200號,1100910
241,信義區,17,基隆路一段147巷1-100號,1100911
242,信義區,17,和平東路三段435巷1弄1-100號,1100918
243,南港區,13,成福路1-100號,1100924
244,士林區,15,小北街22巷1-100號,1100929
245,大同區,9,重慶北路三段223巷1-100號,1100914
246,大同區,9,承德路三段200-300號,1100917
247,大安區,2,仁愛路四段345巷4弄1-100號,1100902
248,大安區,2,通化街1-100號,1100906
249,大安區,2,敦化南路一段200-300號,1100906
250,大安區,2,忠孝東路四段216巷33弄1-100號,1100908
251,大安區,2,延吉街100-200號,1100910
252,大安區,2,仁愛路四段345巷4弄1-100號,1100914
253,大安區,2,辛亥路一段1-100號,1100921
254,大安區,2,仁愛路四段345巷4弄1-100號,1100923
255,中山區,10,松江路133巷1-100號,1100901
256,中山區,10,新生北路二段68巷1-100號,1100904
257,中山區,10,新生北路三段3巷1-100號,1100904
258,中山區,10,雙城街32巷1-100號,1100915
259,中山區,10,雙城街32巷1-100號,1100922
260,中山區,10,雙城街32巷1-100號,1100926
261,松山區,1,光復北路100-200號,1100903
262,松山區,1,光復北路100-200號,1100909
263,松山區,1,光復北路100-200號,1100917
264,松山區,1,南京東路四段133巷4弄1-100號,1100922
265,松山區,1,民生東路三段100-200號,1100922
266,信義區,17,基隆路一段190巷1-100號,1100915
267,信義區,17,基隆路一段190巷1-100號,1100916
268,萬華區,5,昆明街1-100號,1100908
269,萬華區,5,昆明街1-100號,1100910
270,萬華區,5,環河南路二段200-300號,1100916
271,松山區,1,南京東路五段200-300號,1100913
272,士?區,15,華齡街185巷1-100號,1101006
273,士?區,15,華齡街100-200號,1101017
274,士?區,15,福華路100-200號,1101025
275,大同區,9,承德路一段24巷1-100號,1101030
276,大安區,2,仁愛路四段345巷15弄1-100號,1101031
277,中山區,10,長春路200-300號,1101001
278,中山區,10,南京東路二段200-300號,1101006
279,松山區,1,敦化北路199巷2弄與敦化北路165巷,1101018
280,信義區,17,光復南路400-500號,1101014
281,信義區,17,福德街221巷100-200號,1101031
282,信義區,17,信義路五段1-100號,1101031
283,士林區,15,福華路100-200號,1101115
284,士林區,15,華齡街100-200號,1101118
285,士林區,15,福華路128巷1弄1-100號,1101123
286,大同區,9,承德路一段24巷1-100號,1101119
287,大安區,2,樂利路11巷1-100號,1101104
288,大安區,2,雲和街1-100號,1101117
289,中山區,10,新生北路一段100-200號,1101102
290,內湖區,14,內湖路一段91巷38弄1-100號,1101124
291,松山區,1,民生東路五段137巷1-100號,1101111
292,信義區,17,吳興街200-300號,1101108
293,信義區,17,吳興街200-300號,1101108
294,信義區,17,吳興街200-300號,1101108
295,信義區,17,和平東路三段300-400號,1101119
296,士?區,15,福華路100-200號,1101204
297,大同區,9,南京西路與甘谷街,1101201
298,大同區,9,南京西路與甘谷街,1101215
299,大安區,2,樂利路11巷1-100號,1101201
300,大安區,2,青田街1-100號,1101222
301,大安區,2,敦化南路一段160巷1-100號,1101225
302,中山區,10,農安街100-200號,1101212
303,內湖區,14,民權東路6段296巷100-200號,1101230
304,松山區,1,饒河街100-200號,1101219
305,松山區,1,饒河街100-200號,1101227
306,大同區,9,承德路一段24巷1-100號,1110101
307,大安區,2,信義路二段86巷1-100號,1110101
308,大安區,2,仁愛路四段345巷4弄1-100號,1110115
309,大安區,2,臥龍街200-300號,1110123
310,中山區,10,農安街100-200號,1110108
311,中山區,10,農安街100-200號,1110125
312,中山區,10,民生西路1-100號,1110126
313,信義區,17,松壽路1-100號,1110101
314,松山區,1,民生東路三段130巷5弄1-100號,1110212
315,信義區,17,信義路五段1-100號,1110227
316,信義區,17,松壽路1-100號,1110312
317,信義區,17,信義路五段1-100號,1110320
318,大安區,2,羅斯福路三段200-300號,1110306
319,大安區,2,信義路三段100-200號,1110313
320,大安區,2,延吉街200-300號,1110321
321,大安區,2,復興南路二段1-100號,1110324
322,大安區,2,四維路100-200號,1110325
323,大安區,2,和平東路二段175巷1-100號,1110325
324,大安區,2,復興南路一段107巷5弄1-100號,1110326
325,?投區,16,中央北路四段30巷1-100號,1110320
326,萬華區,5,昆明街100-200號,1110312
327,大安區,2,忠孝東?四段 181 巷 1?100 號,1110405
328,士?區,15,?華? 100?200 號,1110413
329,大安區,2,敦化南?一段 177 巷 1?100 號,1110401
330,大安區,2,安和?一段 1?100 號,1110408
331,大安區,2,忠孝東?四段 49 巷 1?100 號,1110410
332,大安區,2,忠孝東?四段 223 巷 10 ? 1?100 號,1110418
333,大安區,2,敦化南?一段 270 巷 1?100 號,1110429
334,中山區,10,雙城街 1?100 號,1110411
335,中正區,3,汀州?三段 200?300 號,1110415
336,松山區,1,民生東?五段 200?300 號,1110413
337,信義區,17,莊敬? 178 巷 1?100 號,1110416
338,信義區,17,虎?街 82 巷 1?100 號,1110417
339,信義區,17,忠孝東路五段100-200號,1110506
340,大安區,2,忠孝東路四段181巷1-100號,1110509
341,內湖區,14,內湖路一段285巷67弄1-100號,1110522
342,大安區,2,忠孝東路四段1~100號,111064
343,大安區,2,仁愛路四段300巷20弄1~100號,111064
344,大安區,2,忠孝東路4段223巷10弄1~100號,111064
345,大安區,2,辛亥路一段1~100號,1110610
346,大安區,2,仁愛路四段300巷20弄1~100號,1110628
347,信義區,17,信義路五段1~100號,1110619
348,大安區,2,敦化南路一段236巷1-100號,1110701
349,大安區,2,仁愛路四段300巷20弄1-100號,1110712
350,大安區,2,忠孝東路四段248巷1-100號,1110716
351,大安區,2,安和路二段1-100號,1110724
352,中山區,10,北安路608巷5弄1-100號,1110715
353,內湖區,14,康寧路三段1-100號,1110720
354,松山區,1,民生東路五段200-300號 ,1110719
355,信義區,17,永吉路500-600號,1110707
356,信義區,17,虎林街132巷1-100號,1110709
357,信義區,17,信義路五段1-100號,1110716
358,大安區,2,基隆路三段2號,1110807
359,大安區,2,市民大道四段168號,1110807
360,大安區,2,仁愛路四段345巷4弄23號1樓,1110820
361,中山區,10,新生北路二段149巷1-100號,1110818
362,中山區,10,伊通街100-200號,1110822
363,中山區,10,錦州街1-100號,1110826
364,內湖區,14,安康路1-100號,1110804
365,信義區,17,信義路五段1-100號,1110821
366,士林區,15,大東路1-100號,1110922
367,大安區,2,和平東路二段96巷17弄1-100號,1110905
368,大安區,2,辛亥路二段171巷1-100號,1110916
369,內湖區,14,成功路五段1-100號,1110922
370,北投區,16,明德路100-200號,1110923
371,松山區,1,三民路113巷1-100號,1110914
372,信義區,17,松仁路1-100號,1110917
373,萬華區,5,艋舺大道 120 巷 1?100 號,1111027
374,大安區,2,愛國東? 100?200 號,1111005
375,大同區,9,承德?一段 77 巷 1?100 號,1111004
376,大安區,2,敦化南路一段177巷1-100號,1111105
377,大安區,2,仁愛路四段345巷15弄1-100號,1111111
378,大安區,2,信義路三段111巷-建國南路一段279巷1-100號,1111119
379,大安區,2,仁愛路四段48巷1-100號,1111119
380,大安區,2,忠孝東路四段223巷1-100號,1111120
381,大安區,2,和平東路二段300-400號,1111121
382,大安區,2,安居街1-100號,1111127
383,中山區,10,復興北路200-300號,1111109
384,中山區,10,林森北路107巷1-100號,1111115
385,松山區,1,南京東路三段300-400號,1111106
386,信義區,17,基隆路二段100-200號,1111128
387,信義區,17,基隆路二段100-200號,1111128
388,大安區,2,信義路三段143號,1120108
389,中山區,10,中山北路二段33號2樓,1120104
390,松山區,1,民權東路三段160巷19弄及敦化北路244巷6弄交叉口旁,1120114
391,大安區,2,仁愛路四段27巷4弄10號1,1120112
392,信義區,17,松壽路12號,1120108
393,信義區,17,信義路五段16-1號,1120114
394,大安區,2,忠孝東路四段49巷2號前,1120119
395,大安區,2,安和路二段171巷21號,1120109
396,松山區,1,民生東路四段131巷21號,1120107
397,大安區,2,信義路三段143號,1120115
398,北投區,16,裕民六路2號地下1樓,1120105
399,內湖區,14,康寧路三段187前,1120210
400,大安區,2,愛國東路101號1樓,1120226
401,內湖區,14,江南街110號前,1120210
402,大安區,2,忠孝東路四段205巷19號後方,1120209
403,松山區,1,八德路三段12巷52弄1號1樓,1120203
404,大同區,9,寧夏路79號,1120228
405,中正區,3,汀州路三段135號1樓,1120221
406,中正區,3,館前路34號1樓後方處,1120208
407,大安區,2,延吉街62巷1-100號,1120303
408,大安區,2,敦化南路一段160巷1-100號,1120304
409,松山區,1,臺北市松山區民生東路五段1-100號,1120321
410,中山區,10,合江街1-100號,1120309
411,士林區,15,中正路300-400號,1120309
412,松山區,1,八德路三段12巷52弄1-100號,1120331
413,松山區,1,民生東路四段131巷1-100號,1120331
414,文山區,11,興隆路二段203巷1-100號,1120322
415,北投區,16,溫泉路103之1-100號,1120325
416,北投區,16,中央南路一段100-200號,1120301
417,士林區,15,天母東路8巷1-100號,1120306
418,萬華區,5,富民路155巷1-100號,1120322
419,大安區,2,金華街164巷1-100號,1120308
420,松山區,1,興安街200-300號,1120321
421,大同區,9,大龍街300-400號,1120304
422,北投區,16,石牌路二段,1120412
423,內湖區,14,民權東路六段296巷1-100號,1120415
424,大安區,2,復興南路一段107巷5弄1-100號,1120414
425,大安區,2,敦化南路二段172巷1-100號,1120412
426,大安區,2,安和路一段1-100號,1120409
427,大安區,2,大安路一段31巷1-100號,1120413
428,松山區,1,市民大道四段100-200號,1120401
429,中正區,3,和平西路一段1-100號,1120414
430,中正區,3,八德路一段82巷9弄1-100號,1120427
431,大安區,2,光復南路320巷1-100號,1120413
432,文山區,11,新光路二段74巷1-100號,1120422
433,大同區,9,寧夏路1-100號,1120528
434,松山區,1,民生東路五段69巷1弄1-100號,1120510
435,內湖區,14,民權東路六段296巷1-100號,1120506
436,信義區,17,忠孝東路五段100-200號,1120525
437,中山區,10,中山北路一段57之1-100號,1120528
438,信義區,17,松仁路1-100號,1120511
439,松山區,1,八德路三段12巷52弄1-100號,1120520
440,松山區,1,八德路三段1-100號,1120520
441,大安區,2,忠孝東路四段49巷1-100號,1120715
442,萬華區,5,萬大路 OOO 巷 OO 號,1120825
443,信義區,17,松仁路OO號,1120912
444,內湖區,14,文湖街OO號,1120904
445,大安區,2,忠孝東路四段OOO巷O弄O號,1120926
446,中正區,3,市民大道三段O號,1120916
447,大安區,2,忠孝東路四段OO巷O號O樓,1120909
448,松山區,1,市民大道四段OOO號,1120924
449,松山區,1,八德路三段OO巷OO弄O號,1120923
450,中山區,10,中山北路一段OO巷O號OO樓,1120901
451,中正區,3,懷寧街OO號與OO號中間巷到底中間棟黑色門O、O樓,1120930
452,中山區,10,吉林路-民生東路二段,1121014
453,士林區,15,延平北路五段 oo 號,1121026
454,大安區,2,忠孝東路四段 OOO 巷 OO 弄 O 號 O 樓,1121024
455,大安區,2,忠孝東路四段 OOO 巷 OO 弄 O 號 O 樓,1121002
456,大安區,2,忠孝東路四段 OO 巷 O 號 O 樓,1121021
457,大安區,2,忠孝東路四段 OO 巷 O 號 O 樓,1121014
458,松山區,1,市民大道四段 OO 號 O 樓,1121020
459,松山區,1,南京東路四段 OOO 號,1121013
460,松山區,1,八德路三段 OO 巷 OO 弄 O 號,1121013
461,中山區,10,南京東路二段 OO 號 O 樓,1121011
462,中山區,10,雙城街 OO 巷 O 號,1121022
463,中山區,10,農安街 OOO 號 O 樓,1121023
464,大同區,9,重慶北路三段OOO巷OO號,1121212
465,中山區,10,民族東路OOO巷OO弄O號O樓,1121227
466,文山區,11,木新路O段OOO號O樓,1121229
467,大安區,2,忠孝東路四段OO巷O號O樓,1121203
468,中山區,10,林森北路OO巷OO號O樓,1121203
469,中山區,10,林森北路OOO號,1121210
470,中山區,10,錦州街OOO號O樓,1121210
471,中山區,10,中山北路一段OO之O號,1121203
472,內湖區,14,康樂街OOO之O號O樓,1130119
473,文山區,11,木新路二段OOO號,1130130
474,大安區,2,敦化南路一段OOO號O樓,1130113
475,萬華區,5,德昌街OOO號,1130118
476,內湖區,14,新湖一路與舊宗路交叉路口,1130126
477,松山區,1,新東街OO巷OO號,1130124
478,中山區,10,民生西路OO巷O弄O號O樓,1130108
479,中山區,10,民生西路OO巷O弄O號,1130106
480,松山區,1,敦化北路OOO號,1130108
481,中山區,10,中山北路一段OO之O號,1130114
482,大同區,9,延平北路一段OO號OO樓之O,1130128
483,中山區,10,復興北路OOO號,1130119
484,中正區,3,金門街OO巷OO號,1130106
485,大安區,2,忠孝東路四段OOO巷OO號O樓,1130221
486,中山區,10,林森北路OOO號,1130214
487,松山區,1,八德路三段OO巷OO弄O號O樓,1130201
488,大安區,2,敦化南路一段OOO巷OO號O樓,1130202
489,松山區,1,南京東路五段OOO巷O之O號O樓,1130206
490,中山區,10,民生西路OO巷O弄O號,1130201
491,士林區,15,至誠路二段ＯＯ號,1130409
492,內湖區,14,文湖街ＯＯ巷Ｏ號,1130429
493,松山區,1,八德路三段ＯＯ巷ＯＯ弄Ｏ號Ｏ樓,1130419
494,大安區,2,延吉街ＯＯＯ巷ＯＯ號Ｏ樓,1130427
495,信義區,17,信義路四段ＯＯＯ號,1130429
496,萬華區,5,民和街ＯＯ號,1130421
497,中山區,10,松江路ＯＯＯ巷Ｏ號,1130418
498,中正區,3,汀州路三段ＯＯＯ號Ｏ樓,1130423
499,松山區,1,富錦街ＯＯＯ號Ｏ樓,1130412
500,中山區,10,雙城街ＯＯ巷Ｏ號,1130429
501,中山區,10,南京東路二段ＯＯ號,1130416
502,中山區,10,林森北路ＯＯ巷ＯＯ號,1130421
503,大安區,2,忠孝東路四段ＯＯＯ巷Ｏ號,1130421
504,中正區,3,衡陽路ＯＯＯ號Ｏ樓,1130420
505,中山區,10,民生東路ＯＯ巷ＯＯ號,1130407
506,信義區,17,忠孝東路五段ＯＯＯ巷ＯＯ弄ＯＯ之Ｏ號Ｏ樓,1130413
507,大同區,9,南京西路ＯＯ巷Ｏ弄Ｏ號Ｏ樓,1130402
508,中山區,10,民生西路ＯＯ巷Ｏ弄Ｏ號Ｏ樓,1130413
509,大安區,2,敦化南路一段ＯＯＯ巷ＯＯ號Ｏ樓,1130402
510,中山區,10,南京東路二段ＯＯ號Ｏ樓,1130313
511,中山區,10,民生西路Ｏ巷Ｏ號,1130328
512,中山區,10,林森北路ＯＯＯ號,1130323
513,大安區,2,敦化南路一段ＯＯＯ號Ｏ樓,1130329
514,松山區,1,八德路三段ＯＯ巷ＯＯ弄Ｏ號,1130322
515,士林區,15,至誠路二段ＯＯ巷,1130327
516,大安區,2,忠孝東路四段ＯＯＯ巷Ｏ號Ｏ樓,1130316
517,大安區,2,敦化南路一段ＯＯＯ巷ＯＯ號Ｏ樓,1130317
518,大安區,2,四維路ＯＯＯ號Ｏ樓,1130314
519,內湖區,14,舊宗路一段與新湖一路口,1130321
520,松山區,1,富錦街ＯＯＯ號Ｏ樓,1130314
521,中山區,10,林森北路ＯＯＯ號,1130317
522,中正區,3,金華街ＯＯ號對面,1130315
523,萬華區,5,民和街ＯＯ號,1130305
524,中山區,10,民生西路ＯＯ巷Ｏ弄Ｏ號,1130201
525,信義區,17,信義路四段ＯＯＯ號,1130315
526,萬華區,5,萬大路ＯＯＯ巷ＯＯ號Ｏ樓後方(陳情人居處內),1130313
527,大安區,2,忠孝東路四段ＯＯＯ巷Ｏ號,1130303
528,松山區,1,八德路三段ＯＯ巷ＯＯ弄Ｏ號Ｏ樓,1130201
529,大安區,2,忠孝東路四段ＯＯＯ巷ＯＯ號Ｏ樓,1130221
530,松山區,1,南京東路五段ＯＯＯ巷Ｏ之Ｏ號Ｏ樓,1130206
531,中山區,10,林森北路ＯＯＯ號,1130214
532,大安區,2,敦化南路一段ＯＯＯ巷ＯＯ號Ｏ樓,1130202
533,大安區,2,忠孝東路四段ＯＯＯ巷Ｏ號Ｏ樓,1130323
534,大安區,2,忠孝東路四段ＯＯＯ巷Ｏ號,1130329
535,中山區,10,中山北路二段OO巷OO號,1130529
536,內湖區,14,康樂街OO巷O號,1130526
537,中山區,10,復興北路OOO號,1130526
538,中山區,10,民生東路一段OO號,1130526
539,中山區,10,中山北路二段OO巷OO號,1130524
540,中山區,10,民生東路一段OO號,1130523
541,中山區,10,中山北路二段OO巷OO號,1130520
542,大安區,2,敦化南路一段OOO巷O號,1130519
543,信義區,17,忠孝東路五段O號,1130519
544,中山區,10,雙城街OO巷O號,1130519
545,大安區,2,浦城街OO巷O號及O號的餐廳,1130517
546,中山區,10,中山北路二段OO巷OO號旁,1130516
547,大安區,2,忠孝東路四段OOO號樓,1130515
548,中山區,10,中山北路二段OO巷OO號,1130514
549,松山區,1,三民路OO巷O號,1130514
550,大安區,2,通化街OO巷OO弄OO號O樓,1130510
551,中山區,10,中山北路二段OO巷O號,1130508
552,中山區,10,南京東路三段OOO號大樓後方,1130507
553,松山區,1,敦化北路OOO巷O號,1130505
554,信義區,17,松壽路OO號,1130504
555,大安區,2,忠孝東路四段OO巷O號O樓,1130504
556,松山區,1,富錦街OOO號O樓,1130503
557,松山區,1,寧安街OO巷,1130501
558,中正區,3,金華街OO號前,1130629
559,萬華區,5,民和街OO號,1130625
560,信義區,17,松德路OOO號,1130621
561,信義區,17,忠孝東路五段OOO巷OO弄O號,1130619
562,中山區,10,民生西路OO巷O弄O號O樓,1130615
563,中山區,10,民生西路OO巷O弄O號O樓,1130614
564,萬華區,5,貴陽街O段OO巷OO號O樓,1130611
565,大安區,2,和平東路三段OOO巷OO號O樓,1130608
566,信義區,17,松德路OOO號O樓,1130607
567,大安區,2,敦化南路一段OOO巷OO號O樓,1130728
568,信義區,17,光復南路OOO號,1130714
569,中山區,10,錦州街OOO號O樓,1130703
570,大同區,9,承德路一段OO巷OO號,1130701
571,信義區,17,松智路OO號,1130809
572,信義區,17,松壽路OO號,1130811
573,信義區,17,松壽路OO號,1130824
574,萬華區,5,民和街OO號,1130819
575,大安區,2,復興南路二段OOO號,1130831
576,中山區,10,民權西路OO巷O號,1130824
577,信義區,17,松壽路OO號,1130831
578,信義區,17,松壽路OO號,1130810
579,信義區,17,松壽路OO號,1130824
580,士林區,15,文林路OOO號,1130823
581,信義區,17,基隆路一段OOO號,1130816
582,大安區,2,忠孝東路四段OOO巷O號O樓,1130817
583,信義區,17,松壽路OO號,1130811
584,信義區,17,松壽路OO號,1130810
585,大安區,2,忠孝東路四段OOO巷O號,1130810
586,信義區,17,松智路OO號,1130809
587,中山區,10,長春路OO號O樓,1130807
588,大安區,2,新生南路一段OOO-O號,1130805
589,中山區,10,南京東路三段OOO巷O號O樓,1130802
590,大安區,2,市民大道四段 126 號 1 樓,1130920
591,信義區,17,松壽路 12 號,1130929
592,大安區,2,仁愛路三段 28 號 4 樓之 1,1130910
593,信義區,17,松仁路 97 號,1130907
594,大安區,2,安和路二段 100 號,1130922
595,中正區,3,莒光路 107 號後方,1130924
596,大安區,2,復興南路二段 316 號 1 樓,1130904
597,信義區,17,松高路 12 號,1130901
598,信義區,17,松壽路 12 號,1130902
599,大安區,2,復興南路二段 316 號,1130909
600,大安區,2,忠孝東路四段 209 號 10 樓,1131025
601,大安區,2,敦化南路一段 190 巷 21 號,1131026
602,中正區,3,汀州路 2 段 122 號 1 樓,1131022
603,中正區,3,金山南路一段 67 巷 11 號前,1131017
604,大安區,2,忠孝東路四段 216 巷 31 號,1131018
605,大安區,2,忠孝東路四段 216 巷 27 弄 6 號,1131019
606,中正區,3,和平西路 2 段 56 號,1131009
607,中山區,10,長安東路一段 81 號,1131007
608,中正區,3,中華路二段 163 巷 20 號前,1131015
609,信義區,17,信義區松壽路 O O號 O O樓,1131130
610,萬華區,5,萬華區武昌街 O段 O O O號,1131122
611,大安區,2,大安區忠孝東路四段 O O O巷 O O弄 O號 O樓,1131123
612,信義區,17,信義區信安街 O O號,1131127
613,中山區,10,中山區雙城街 O O巷 O號 O樓,1131129
614,大安區,2,大安區仁愛路四段 O O O號 O樓,1131123
615,中正區,3,中正區汀州路三段 O O O號 O樓,1131123
616,內湖區,14,內湖區東湖路 O O O巷 O弄 O號 O樓,1131115
617,中山區,10,中山區雙城街 O O巷 O號 O樓,1131103
618,松山區,1,松山區南京東路四段 O O O巷 O弄 O號,1131109
619,中山區,10,中山區新生北路二段 O O巷 O O號 O樓,1131110
620,大安區,2,大安區忠孝東路四段 O O O號樓,1131102
621,北投區,16,大業路OOO號O樓,1131201
622,松山區,1,民生東路五段OOO號地下O樓,1131201
623,中山區,10,雙城街OO巷O號,1131201
624,文山區,11,萬美街一段-萬安街,1131202
625,松山區,1,敦化北路OOO巷OO號O樓店家後方防火巷,1131204
626,信義區,17,忠孝東路四段OOO巷OO弄O號,1131208
627,大安區,2,仁愛路四段OO號,1131211
628,中山區,10,新生北路二段OO巷OO號,1131218
629,大安區,2,忠孝東路四段OOO號OO樓,1131221
630,中山區,10,新生北路二段OO巷OO號O樓,1131221
631,中正區,3,臨沂街OO巷O之O號O樓後方(陳情人居處),1131221
632,中正區,3,金華街OO之O號對面,1131225
633,中山區,10,新生北路二段OO巷OO號O樓,1131225
634,北投區,16,中央北路二段OOO號,1131228
635,信義區,17,松高路OO號,1131228
636,中山區,10,雙城街OO巷O號,1131229
637,信義區,17,松壽路-松智路,1131231
638,內湖區,14,港墘路OO巷O號O樓,1140103
639,信義區,17,忠孝東路五段OOO巷OO號O樓,1140103
640,北投區,16,大業路OOO號,1140104
641,中山區,10,雙城街OO巷O號,1140105
642,信義區,17,松壽路OO號,1140110
643,內湖區,14,康寧路三段OO號O樓,1140110
644,松山區,1,敦化北路OOO號,1140115
645,大安區,2,羅斯福路三段OOO號,1140115
646,內湖區,14,成功路四段OO號O樓,1140117
647,信義區,17,松德路OOO號O樓,1140123
648,信義區,17,忠孝東路五段OO號O樓,1140125
649,大同區,9,民樂街,1140226
650,大安區,2,敦化南路一段OOO巷OO號O樓,1140214
651,北投區,16,大同街OOO巷O號O樓,1140216
652,中正區,3,開封街一段OO之O號O樓後方防火巷,1140201
653,信義區,17,忠孝東路五段OO號,1140214
654,大安區,2,延吉街OOO巷O號,1140210
655,大安區,2,忠孝東路四段OOO巷OO弄O號O樓,1140218
656,文山區,11,木新路三段OOO號,1140205
657,中正區,3,羅斯福路O段OO之O號前,1140216
658,內湖區,14,星雲街OO號O樓,1140327
659,內湖區,14,成功路四段OO巷OO弄,1140318
660,士林區,15,和豐街OO巷O號,1140321
661,信義區,17,松仁路OO巷,1140326
662,信義區,17,松壽路OO號O樓,1140311
663,大安區,2,瑞安街OOO號,1140315
664,信義區,17,松高路OO號,1140322
665,松山區,1,八德路四段OOO號O樓,1140324
666,松山區,1,富錦街OOO號,1140403
667,信義區,17,信安街OO號,1140405
668,中正區,3,博愛路OO號O樓,1140407
669,松山區,1,南京東路五段OO巷O弄O號旁,1140407
670,大安區,2,羅斯福路三段OOO巷O之O號O樓,1140410
671,松山區,1,民生東路四段OO之O號O樓,1140414
672,中山區,10,八德路二段OOO巷OO號,1140415
673,萬華區,5,長順街OO巷O號,1140416
674,中山區,10,南京東路一段OOO巷OO號O樓,1140423
675,中山區,10,新生北路二段OO巷OO號旁,1140427
676,松山區,1,民生東路五段OO巷O號O樓(洗衣對策),1140429
677,信義區,17,松壽路OO號前,1140522
678,信義區,17,基隆路一段OOO號,1140531
679,松山區,1,民生東路五段OOO號,1140516
680,松山區,1,民生東路五段OO巷O號O樓,1140527
681,萬華區,5,峨眉街OO號台灣雞嬤,1140523
682,信義區,17,松高路OO號O樓,1140523
683,大同區,9,承德路三段OOO巷OO號,1140515
684,信義區,17,中坡南路OOO號O樓,1140502
685,大安區,2,樂利路OO巷O號O樓,1140505
686,萬華區,5,武昌街O段OOO號O樓,1140524
687,士林區,15,德行東路OOO號O樓,1140516
688,松山區,1,長春路OOO號,1140512
689,中山區,10,南京東路一段OOO巷OO號O樓,1140507
690,松山區,1,敦化北路OOO號,1140511
691,北投區,16,大度路三段,1140607
692,大安區,2,復興南路一段OOO號地下O樓,1140608
693,大安區,2,復興南路一段OOO號地下O樓,1140608
694,中山區,10,天祥路OO巷O號,1140614
695,松山區,1,敦化北路OOO巷O號,1140620
696,萬華區,5,昆明街OO之O號,1140620
697,中山區,10,中山北路二段OO號O樓,1140621
698,信義區,17,松山路OOO巷OO號,1140623
699,大安區,2,羅斯福路三段OOO號,1140624
700,松山區,1,敦化北路OOO號,1140625
701,大安區,2,通化街OOO號O樓,1140629
702,松山區,1,松山區敦化北路OOO號O樓,1140704
703,內湖區,14,內湖區港墘路OO巷O號O樓,1140718
704,松山區,1,松山區民生東路四段OOO號O樓,1140726
705,萬華區,5,萬華區昆明街OO號,1140724
706,大安區,2,羅斯福路三段OOO巷O號,1140806
707,信義區,17,松高路OO號,1140809
708,信義區,17,虎林街OOO巷OO號,1140809
709,信義區,17,松高路OO號,1140810
710,信義區,17,松高路OO號,1140810
711,士林區,15,建業路O號,1140810
712,士林區,15,建業路O號O樓,1140810
713,文山區,11,木新路三段OOO巷,1140819
714,萬華區,5,武昌街O段OOO之O號前,1140824
715,松山區,1,民生東路四段OOO號,1140828
716,信義區,17,莊敬路OOO巷OO號,1140829
717,松山區,1,敦化北路OOO號,1140901
718,中正區,3,北平東路OO號O樓,1140903
719,信義區,17,松高路OO號O樓,1140906
720,松山區,1,敦化北路OOO號,1140909
721,大安區,2,延吉街OOO巷OO號,1140914
722,信義區,17,松高路OO號,1140914
723,內湖區,14,港墘路OO巷O號前,1140915
724,士林區,15,建業路O號,1140919
725,士林區,15,建業路O號,1140920
726,北投區,16,建業路O號,1140921
727,中正區,3,仁愛路二段OO巷OO號旁測防火巷,1140921
728,大同區,9,大龍街OOO號O樓,1140922
729,信義區,17,松仁路OO號BO,1140924
730,士林區,15,建業路O號,1140925
731,士林區,15,建業路O號,1140926
732,萬華區,5,昆明街OO巷OO號前,1140929
733,大安區,2,光復南路OOO巷OO號後方,1140929
734,大安區,2,光復南路OOO巷OO號O樓,1141005
735,萬華區,5,昆明街OO之O號O樓頂,1141008
736,北投區,16,明德路OOO巷OO號O樓,1141011
737,信義區,17,松德路OOO號,1141101
738,士林區,15,和豐街OO?,1141104
739,中山區,10,民生東路一段OO號陳情人指定場所,1141108
740,信義區,17,松壽路OO號,1141108
741,信義區,17,松壽路OO號,1141123
742,中山區,10,南京東路二段OOO巷O號,1141123
743,信義區,17,松壽路OO號旁松智路一側,1141129
744,大安區,2,和平東路三段OOO巷OO號,1141129
745,松山區,1,民生東路三段OOO巷O弄O號O樓,1141204
746,大安區,2,忠孝東路三段OOO巷OO號O樓,1141206
747,信義區,17,松壽路OO號,1141207
748,松山區,1,八德路O段OOO巷OO號O樓旁,1141215
749,大安區,2,光復南路OOO巷OO號,1141219
750,文山區,11,羅斯福路四段OOO巷O號前,1141220
751,中山區,10,八德路二段OOO號,1141227
752,中山區,10,民生東路一段OO號,1141228
753,大安區,2,建國南路二段OO巷O號O樓,1141228
754,松山區,1,三民路OO巷,1150101
755,信義區,17,松仁路OOO號,1150104
756,信義區,17,松壽路OO號旁(松智路一側),1150104
757,士林區,15,中山北路五段OOO巷OO號O樓,1150106
758,士林區,15,中山北路五段OOO巷OO號O樓,1150106
759,中山區,10,天津街OO號,1150108
760,內湖區,14,港墘路OO巷O號O樓,1150112
761,信義區,17,松壽路OO號前(與松智路一側),1150117
762,信義區,17,松壽路OO號前(與松智路一側),1150117
763,信義區,17,松壽路OO號,1150117
764,信義區,17,松壽路OO號,1150118
765,中正區,3,金華街OO-O號,1150120
766,信義區,17,松壽路OO號O樓,1150124
767,內湖區,14,東湖路OO巷O號O樓,1150125
768,士林區,15,中山北路五段 ,1150128
769,士林區,15,中山北路五段OOO巷OO號O樓,1150129
770,北投區,16,石牌路二段OOO號,1150130
771,士林區,15,中山北路五段OOO巷OO號O樓,1150130
772,士林區,15,中山北路五段OOO巷OO號O樓,1150131
773,松山區,1,新中街OO-O號,1150203
774,中正區,3,同安街OO號O樓香港明記燒臘,1150204
775,中山區,10,天津街OO號,1150209
776,大安區,2,忠孝東路3段OOO巷O弄O之O號,1150212
777,大同區,9,歸綏街OOO號O樓,1150223
778,中山區,10,林森北路OOO巷OO號O樓,1150228
779,大安區,2,信義路四段OOO號O樓,1150228
780,士林區,15,福國路OO號,1150228
781,中山區,10,長安東路二段OO號O樓,1150303
782,中山區,10,北安路OOO巷O弄OO號,1150308
783,北投區,16,中央北路二段OOO號O樓,1150311
784,內湖區,14,瑞光路OO巷OO號旁,1150314
785,大安區,2,羅斯福路三段OOO巷O號,1150320
786,大安區,2,大安路二段OOO號O樓,1150321
787,信義區,17,松壽路OO號 ,1150322
788,大安區,2,忠孝東路三段OOO巷,1150324
789,中山區,10,松江路OOO號,1150329
790,大安區,2,羅斯福路三段OOO巷O號,1150403
791,中山區,10,民權東路二段OO號O樓,1150406
792,中山區,10,北安路OOO巷O弄OO號O樓,1150411
793,中山區,10,民權東路三段OO號,1150413
794,松山區,1,八德路三段OO巷O弄O號,1150415
795,大安區,2,文昌街OOO巷OO號O樓,1150417
796,大安區,2,忠孝東路四段OOO號,1150418
797,文山區,11,興隆路三段OO-O號,1150426
798,中山區,10,合江街OOO號,1150427
799,信義區,17,松高路OO號O樓,1150509
800,中山區,10,民生東路一段OO號,1150509
801,大安區,2,信義路三段OOO巷OO弄OO號O樓,1150512
802,大安區,2,新生南路一段OOO巷O號O樓,1150513
803,大安區,2,新生南路一段OOO巷O號O樓,1150513
804,中山區,10,民權東路一段OO巷OO號O樓,1150515
805,信義區,17,松壽路OO號,1150516
806,大安區,2,敦化南路一段OOO巷,1150516
807,中山區,10,中山北路二段OO巷OO號O樓,1150516
808,中山區,10,合江街OOO號O樓,1150519
809,萬華區,5,武昌街二段OOO巷O號,1150523
810,中正區,3,漢口街一段-開封街一段OO巷,1150527
811,萬華區,5,武昌街二段OOO號,1150528
812,大安區,2,新生南路一段OOO巷O號O樓OO,1150529
813,中山區,10,合江街OOO號O樓,1150602
814,大安區,2,新生南路一段OOO之O號,1150603
815,中山區,10,民權東路一段OO巷OO號O樓,1150603
816,萬華區,5,武昌街二段OOO號,1150605
817,南港區,13,永吉路OOO號O樓,1150606
818,中正區,3,北平西路OO號,1150607
819,大安區,2,羅斯福路三段OOO巷OO號,1150616
820,松山區,1,八德路三段OO巷OO弄OO號O樓,1150623
821,松山區,1,八德路三段OO巷OO弄OO號O樓,1150628
