項次,日期,違規情節,罰鍰金額數,罰則註記
,113/01/05,受處分人係京庚健康世界股份有限公司101分公司（市招：World Gym健身俱樂部101店；臺北市信義區市府路45號6樓之2）負責人，實際經營浴室業，經本局 於112年11月9日至女用洗澡間進行營業衛生稽查，現場有多處發霉情形，予以限期改善。本局另於112年12月14日複查女用洗澡間發霉情形仍未改善，與規定 不符,"4,000",臺北巿營業衛生管理自治條例第17條第1款
,113/01/05,受處分人係北投公園露天溫泉浴池（臺北市北投區中山路6號）委託經營廠商「運博國際股份有限公司北投營業所」之負責人，實際經營浴室業，經本局於112 年12月13日抽測浴池水之自由有效餘氯量，檢測結果為0.16 ppm，與規定不符，予以限期改善。本局另於113年1月3日複測，檢測結果為0.12 ppm，仍與規定不 符。,"4,000",臺北巿營業衛生管理自治條例第15條第1項第4款
,113/01/10,受處分人係財團法人台北市中華基督教青年會臺北市士林運動中心(市招：士林運動中心；臺北市士林區士商路1號3樓)之負責人，實際經營浴室業，經本局於 112年12月7日抽驗spa 浴池水，抽驗單編號20231121015-3水中大腸桿菌群為18 CFU/100mL，與規定不符。,"2,000",臺北巿營業衛生管理自治條例第15條第1項第2款
,113/01/17,"受處分人係福容大飯店股份有限公司-台北分公司之負責人，實際經營浴室(溫泉)業，本局於112年12月18日抽驗，案件編號20231218001-1、20231218001-2，檢 驗結果水中總菌落數皆大於1,000 CFU/mL，與規定不符。","2,000",臺北巿營業衛生管理自治條例第16條第1項第2款
,113/02/01,"受處分人係汐游寶寶股份有限公司(市招：汐游寶寶；臺北市松山區南京東路4段2號B1)之負責人，實際經營游泳業，經本局於113年1月11日抽驗兒童泳池水， 抽驗單編號20231224005-1和20231224005-2水中總菌落數皆大於1,000 CFU/mL，與規定不符。","2,000",臺北巿營業衛生管理自治條例第15條第1項第2款
,113/02/07,"受處分人係香港商世界健身事業有限公司光復分公司（市招：World Gym健身俱樂部光復店；臺北市大安區忠孝東路4段330號B1）浴池之負責人，實際經營浴 室業，經本局於113年1月4日抽驗女浴池水，抽驗單編號20231221007-1和20231221007-2之水中總菌落數皆大於1,000 CFU/mL；水中大腸桿菌群分別為117 CFU/100mL和90 CFU/100mL，皆與規定不符。","2,000",臺北巿營業衛生管理自治條例第15條第1項第2款
,113/03/11,受處分人係香樹花園酒店股份有限公司（市招：香樹花園酒店；臺北市中山區堤頂大道2段566號）浴池之負責人，實際經營浴室業，經本局於113年2月17日抽 驗冷男浴池水，抽驗單編號1121032-1和1121032-2水中總菌落數為510 CFU/mL及600 CFU/mL，與規定不符。,"2,000",臺北巿營業衛生管理自治條例第15條第1項第2款
,113/03/12,受處分人係草山文化溫泉餐廳之負責人，實際經營浴室(溫泉)業，本局於113年2月22日抽驗，案件編號20240222001-1，檢驗結果水中大腸桿菌群大於200 CFU/100mL，與規定不符。,"2,000",臺北巿營業衛生管理自治條例第16條第1項第2款
,113/03/18,受處分人係香港商世界健身事業有限公司公館分公司（市招：World Gym健身俱樂部公館店；臺北市中正區羅斯福路4段68號3樓至5樓）浴池之負責人，實際經 營浴室業，經本局於113年2月20日抽驗女浴池水，抽驗單編號20240204004-1和20240204004-2之水中大腸桿菌群分別為14 CFU/100mL和8 CFU/100mL，皆與規 定不符。,"2,000",臺北巿營業衛生管理自治條例第15條第1項第2款
,113/03/18,"受處分人係香港商世界健身事業有限公司光復分公司（市招：World Gym健身俱樂部光復店；臺北市大安區忠孝東路4段330號B1）負責人，實際經營浴室業， 經本局於113年1月4日抽驗女浴池水，檢驗結果不符規定，於113年2月1日以北市衛疾字第1133004207號裁處書處以罰鍰新臺幣2,000元整在案，並於113年2月5 日送達。本局又於113年2月20日至World Gym健身俱樂部光復店複驗女浴池水，抽驗單號20240220001-1和20240220001-2水中總菌落數皆大於1,000 CFU/mL； 水中大腸桿菌群皆為40 CFU/100mL，與規定不符。","5,000",1. 臺北巿營業衛生管理自治條例第15條第1項第2款 2. 臺北市營業衛生管理自治條例事件統一裁罰基準 第3點第13項
,113/03/22,受處分人係晶華國際酒店股份有限公司（市招：晶華酒店；臺北市中山區中山北路2段39巷3號）浴池之負責人，實際經營浴室業，經本局於113年2月19日抽驗 女浴池水，抽驗單編號20240204020-2水中大腸桿菌群為21 CFU/100mL，與規定不符。,"2,000",臺北巿營業衛生管理自治條例第15條第1項第2款
,113/03/25,受處分人係寒舍國際酒店股份有限公司（市招：臺北艾麗酒店；臺北市信義區松高路18號）游泳池之負責人，實際經營游泳業，經本局於113年3月6日抽驗室 外泳池水，抽驗單編號20240228006-1和20240228006-2水中大腸桿菌群為42 CFU/100mL及10 CFU/100mL，與規定不符。,"2,000",臺北巿營業衛生管理自治條例第15條第1項第2款
,113/03/28,受處分人係中山國民中學（臺北市松山區民權東路3段106巷3弄2號）委託經營廠商「展望運動股份有限公司」之負責人，實際經營游泳業，經本局於113年3月 14日抽驗泳池水，抽驗單編號20240228052-1水中大腸桿菌群為7 CFU/100mL，與規定不符。,"2,000",臺北巿營業衛生管理自治條例第15條第1項第2款
,113/04/01,受處分人係松山運動中心（臺北市松山區敦化北路1號）委託經營廠商「匯陽百貨事業股份有限公司松山運動中心分公司」之負責人，實際經營游泳業，經本 局於113年3月14日抽驗泳池水，抽驗單編號20240228051-1水中大腸桿菌群為12 CFU/100mL，與規定不符。,"2,000",臺北巿營業衛生管理自治條例第15條第1項第2款
,113/04/09,受處分人係山豬窟游泳池館（臺北市南港區舊莊街1段290巷32號）委託經營廠商「樂霏翔有限公司」之負責人，實際經營游泳業，經本局於113年3月14日抽驗 泳池水，抽驗單編號20240229003-2水中大腸桿菌群為14 CFU/100mL，與規定不符。,"2,000",臺北巿營業衛生管理自治條例第15條第1項第2款
,113/04/23,"受處分人係西門國民小學（臺北市萬華區成都路98號）委託經營廠商「浩瀚運創有限公司西門營業所」之負責人，實際經營游泳業，經本局於113年3月18日抽 驗泳池水，抽驗單編號20240229010-1和20240229010-2水中總菌落數皆大於1,000 CFU/mL；水中大腸桿菌群分別為16 CFU/100mL及14 CFU/100mL，與規定不 符。","2,000",臺北巿營業衛生管理自治條例第15條第1項第2款
,113/05/08,受處分人係桑富士股份有限公司（市招：桑富士運動俱樂部；臺北市大同區平陽街29號）女浴池之負責人，實際經營浴室業，經本局於113年4月18日抽驗女浴 池水，抽驗單編號20240331031-1水中大腸桿菌群為12 CFU/100mL，與規定不符。,"2,000",臺北巿營業衛生管理自治條例第15條第1項第2款
,113/05/10,受處分人係玉泉公園（臺北市大同區西寧北路28號）委託經營廠商「星哲企業股份有限公司」之負責人，實際經營游泳業，經本局於113年4月18日抽驗兒童泳 池水，抽驗單編號20240331025-1水中大腸桿菌群為8 CFU/100mL，與規定不符。,"2,000",臺北巿營業衛生管理自治條例第15條第1項第2款
,113/05/10,受處分人係晶華國際酒店股份有限公司（市招：臺北晶華酒店；臺北市中山區中山北路2段39巷3號）游泳池之負責人，實際經營游泳業，經本局於113年4月18 日抽驗室外泳池水，抽驗單編號20240331026-2水中大腸桿菌群為9 CFU/100mL，與規定不符。,"2,000",臺北巿營業衛生管理自治條例第15條第1項第2款
,113/05/30,受處分人係香港商世界健身事業有限公司內湖民權分公司（下稱香港商世界健身公司，市招：World Gym健身俱樂部福華店；臺北市內湖區民權東路6段180巷6 號B2及B2-1）浴池之負責人，實際經營浴室業。經本局於113年5月14日抽驗女浴池水之自由有效餘氯量，檢測結果為0.51 ppm，與本局公告自由有效餘氯應保 持百萬分之1.0至3.0間不符。嗣經本局通知該公司於113年5月16日前完成改善，惟經本局於113年5月17日複驗，檢測結果為0.04 ppm，仍不符前開公告標準。,"4,000",臺北巿營業衛生管理自治條例第15條第1項第4款
,113/06/17,"受處分人係香港商世界健身事業有限公司光復分公司（下稱香港商世界健身公司，市招：World Gym健身俱樂部光復店；臺北市大安區忠孝東路4段330號B1） 浴池之負責人，實際經營浴室業，經本局於113年1月4日抽驗女浴池水，檢驗結果皆不符規定，同年2月20日複驗不合格，本局於113年2月1日及113年3月18日 分別以北市衛疾字第1133004207號裁處書及北市衛疾字第1133004430號裁處書，處罰鍰新臺幣2,000元及5,000元在案。經本局續於同年4月30日再次抽驗女浴池 水，抽驗單號20240331014-1和20240331014-2水中大腸桿菌群皆分別為134 CFU/100mL和148 CFU/100mL，及同年5月6日抽驗女浴池水複驗，抽驗單號 20240502001-3和20240502001-4水中大腸桿菌群皆大於200 CFU/100mL，與本局公告大腸桿菌群應低於（含）6 CFU或6 MPN不符。","8,000",1. 臺北巿營業衛生管理自治條例第15條第1項第2款 2. 臺北市營業衛生管理自治條例事件統一裁罰基準 第3點第13項
,113/06/19,受處分人係臺北市政府環境保護局內湖垃圾焚化廠（市招：葫蘆洲運動公園；臺北市內湖區安康路290號）浴池之負責人，實際經營浴室業，經本局於113年5 月14日抽驗spa浴池水，抽驗單號20240502046-4水中大腸桿菌群為62 CFU/100mL，與本局公告大腸桿菌群應低於（含）6 CFU或6 MPN不符。,"2,000",臺北巿營業衛生管理自治條例第15條第1項第2款
,113/06/19,受處分人係雀客藏居台北陽明山分公司（下稱雀客藏居公司，市招：雀客藏居陽明山溫泉飯店；臺北市士林區格致路237號）泳池之負責人，實際經營游泳 業，經本局於113年5月29日抽驗泳池水，抽驗單號20240529002-2水中大腸桿菌群大於200 CFU/100mL，與本局公告大腸桿菌群應低於（含）6 CFU或6 MPN不 符。,"2,000",臺北巿營業衛生管理自治條例第15條第1項第2款
,113/06/24,受處分人係雀客藏居台北陽明山分公司（市招：雀客藏居陽明山溫泉飯店；臺北市士林區格致路237號）溫泉浴池之負責人，實際經營浴室(溫泉)業，經本局於 113年5月29日抽驗溫泉浴池水，抽驗單號20240529001-2水中大腸桿菌群為28 CFU/100mL，與本局公告大腸桿菌群應低於（含）6 CFU或6 MPN不符。,"2,000",臺北巿營業衛生管理自治條例第16條第1項第2款
,113/07/10,受處分人係香港商世界健身事業有限公司內湖分公司（下稱香港商世界健身公司，市招：World Gym健身俱樂部內湖店；臺北市內湖區康寧路3段72號5-9樓、 11-12）浴池之負責人，實際經營浴室業。經本局於113年6月12日抽驗女浴池水，抽驗單號20240525033-1水中總菌落數為620 CFU/mL和水中大腸桿菌群為109 CFU/100mL及20240525033-2之水中大腸桿菌群為94 CFU/100mL，與本局公告大腸桿菌群應低於（含）6 CFU或6 MPN不符。,"2,000",臺北巿營業衛生管理自治條例第15條第1項第2款
,113/07/10,受處分人係香港商世界健身事業有限公司內湖分公司（下稱香港商世界健身公司，市招：World Gym健身俱樂部內湖店；臺北市內湖區康寧路3段72號5-9樓、 11-12）浴池之負責人，實際經營浴室業。經本局於113年6月12日抽驗女浴池水之自由有效餘氯量，檢測結果為0.32 ppm，與本局公告自由有效餘氯應保持百萬 分之1.0至3.0間不符。嗣經本局通知該公司於113年6月14日前完成改善，惟經本局於113年6月18日複驗，檢測結果為3.81 ppm，仍不符前開公告標準。,"4,000",臺北巿營業衛生管理自治條例第15條第1項第4款
,113/07/12,受處分人係晶城開發股份有限公司（市招：晶城青年旅館；地址：臺北市大同區南京西路288號4樓）負責人，實際經營旅館業。經本局113年3月5日營業衛生 稽查，無衛生管理人員、從業人員未定期健康檢查、衛生自主管理執行情形未見紀錄，且拋棄式刮鬍刀已過期，共4項不符規定，須於113年4月5日前完成改 善。本局於113年4月30日複查時，仍無衛生管理人員、未完成從業人員定期健康檢查且衛生自主管理執行情形未見紀錄。,"6,000",1.臺北巿營業衛生管理自治條例第4條第1項 2.臺北巿營業衛生管理自治條例第8條第1項第1款
,113/07/12,受處分人係天母奇緣親子造型髮藝（地址：臺北市士林區士東路286巷1之1號1樓）負責人，實際經美髮業。經本局113年2月26日營業衛生稽查初查結果，無衛 生管理人員、從業人員未定期健康檢查共2項不符規定，應於113年4月3日前完成改善。本局於113年4月8日複查時，從業人員定期健康檢查仍未完成。,"3,000",臺北巿營業衛生管理自治條例第8條第1項第1款
,113/07/15,受處分人係Salon S（地址：臺北市士林區忠誠路2段76巷7號）負責人，實際經營美容業。經本局112年10月31日營業衛生稽查，初查結果從業人員未定期健康 檢查，並應於112年11月2日前完成改善。本局於113年4月8日複查時，從業人員定期健康檢查仍未完成。,"3,000",臺北巿營業衛生管理自治條例第8條第1項第1款
,113/07/16,受處分人係二九酒吧（臺北市中山區民生東路1段29號2樓之2至2樓之5）負責人，實際經營娛樂業。本局113年2月1日稽查營業衛生，查無衛生管理人員合格證 書、從業人員未完成健康檢查、無進行衛生自主管理之紀錄、無病媒防治措施之紀錄、無中央空調冷卻水塔清洗紀錄、急救箱內物品過期，且未有營業場所衛 生標示，初查共7項不合格，並應於113年2月5日前完成改善。本局於112年2月26日複查時，衛生管理人員尚未完成衛生管理人員線上訓練課程，且未提供中央 空調冷卻水塔清洗紀錄。,"7,000",1.臺北巿營業衛生管理自治條例第4條第2項 2.臺北巿營業衛生管理自治條例第6條第3款
,113/07/17,受處分人係香港商世界健身事業有限公司西門分公司（下稱香港商世界健身公司，市招：World Gym健身俱樂部西門店；臺北市萬華區西寧南路36號B1）浴池 之負責人，實際經營浴室業。經本局於113年6月17日抽驗女浴池水，抽驗單號20240525047-1及20240525047-2水中大腸桿菌群皆大於200 CFU/100mL，與本局 公告大腸桿菌群應低於（含）6 CFU或6 MPN不符。,"2,000",臺北巿營業衛生管理自治條例第15條第1項第2款
,113/07/17,受處分人係香港商世界健身事業有限公司西門分公司（下稱香港商世界健身公司，市招：World Gym健身俱樂部西門店；臺北市萬華區西寧南路36號B1）浴池 之負責人，實際經營浴室業。經本局於113年6月17日抽驗女浴池水之自由有效餘氯量，檢測結果為0.41 ppm，與本局公告自由有效餘氯應保持百萬分之1.0至3.0 間不符，惟經本局於113年6月25日複驗，檢測結果為小於0.2 ppm，仍不符前開公告標準。,"4,000",臺北巿營業衛生管理自治條例第15條第1項第4款
,113/07/19,受處分人係璞樂米窩（臺北市信義區松山路153號2樓）負責人，實際經營旅館業。本局112年5月3日稽查營業衛生，查無指派衛生管理人員、無衛生自主管理 紀錄、從業人員未完成定期健康檢查、無中央空調冷卻水塔清洗紀錄，且未備有保險套及水性潤滑劑，初查共5項不合格，並應於112年5月31日前完成改善。 本局於112年7月14日複查時，從業人員仍未全數完成定期健康檢查。,"3,000",臺北巿營業衛生管理自治條例第8條第1項第1款
,113/07/19,受處分人係日日吉旅店股份有限公司（臺北市大同區昌吉街1號）負責人，實際經營旅館業。本局112年11月14日營業衛生稽查初查結果，無衛生管理人員及衛 生自主管理執行情形未見紀錄、從業人員未定期健康檢查，且未備有急救箱，共4項不符規定，應於112年11月21日前完成改善。本局於112年12月8日複查時， 衛生管理人員尚未取得訓練結業證書，且從業人員仍未完成健康檢查。,"6,000",1.臺北巿營業衛生管理自治條例第4條第2項 2.臺北巿營業衛生管理自治條例第8條第1項第1款
,113/07/29,受處分人係格勒瑞個人美髮工作室（臺北市大安區和平東路二段265巷28號）負責人，實際經營美髮業。本局112年9月14日稽查營業衛生，從業人員未完成定 期健康檢查，初查共1項不合格並應於112年10月14日前完成改善。本局於113年2月23日複查時，從業人員仍未全數完成定期健康檢查，且另查衛生管理人員未 取得證書。,"3,000",臺北巿營業衛生管理自治條例第8條第1項第1款
,113/07/29,受處分人係臺北市松山國民小學（臺北市松山區八德路4段746號）委託經營之廠商「駿斯運動事業股份有限公司松山國小分公司」負責人，實際經營浴室業。 經本局於113年6月11日抽驗室內浴池水之自由有效餘氯量，檢測結果為0.08 ppm，與本局公告自由有效餘氯應保持百萬分之1.0至3.0間不符。嗣經本局通知該公 司於113年6月25日前完成改善，惟經本局於113年6月28日複驗，檢測結果為0.16 ppm，仍不符前開公告標準。,"4,000",臺北巿營業衛生管理自治條例第15條第1項第4款
,113/08/07,受處分人係大同運動中心（臺北市大同區大龍街51號）委託經營之廠商「舞動陽光有限公司大同分公司」負責人，實際經營浴室業。經本局於113年6月19日抽驗spa浴池水之自由有效餘氯量，檢測結果為0.59 ppm，與本局公告自由有效餘氯應保持百萬分之1.0至3.0間不符。嗣經本局通知該公司於113年6月21日前完成改善，惟經本局於113年7月18日複驗，檢測結果為4.04 ppm、3.93 ppm，仍不符前開公告標準。,4000,臺北巿營業衛生管理自治條例第15條第1項第4款
,113/08/22,受處分人係慧?國際有限公司（市招：北投慧?溫泉會館；臺北市北投區溫泉路銀光巷22號）溫泉浴池之負責人，實際經營浴室(溫泉)業，經本局於113年4月11日至貴公司進行營業衛生稽查，檢查結果發現無水質遭汙染之緊急應變措施相關資料，本局限期於4月18日前完成改善；本局於5月27日至貴公司進行複查，複查結果仍未能提供水質遭汙染之緊急應變措施相關資料，違反臺北市營業衛生管理自治條例第17條第1項第4款之規定。,4000,臺北巿營業衛生管理自治條例第17條第1項第4款
,113/08/29,受處分人係運博國際股份有限公司前港營業所（市招：前港公園游泳池；臺北市士林區前港街45號）泳池之負責人，實際經營泳池業。經本局於113年7月1日抽驗室外泳池水之自由有效餘氯量，檢測結果為0.17ppm，與本局公告自由有效餘氯應保持百萬分之1.0至3.0間不符，惟經本局於113年7月15日複驗，檢測結果為0.97ppm，仍不符前開公告標準。,4000,臺北巿營業衛生管理自治條例第15條第1項第4款 
,113/09/13,受處分人係亞太三溫暖（地址：臺北市松山區南京東路3段337號14樓之1）之負責人，實際經營浴室業，經本局於113年8月26日抽驗該商號男浴池水，抽驗單編號20240826007-1水中大腸桿菌群126 CFU/100mL及20240826007-2 水中大腸桿菌群140 CFU/100mL，與本局公告大腸桿菌群應低於（含）6 CFU/100mL或6 MPN/100mL不符。,2000,臺北巿營業衛生管理自治條例第15條第1項第2款
,113/09/16,"受處分人係香港商世界健身事業有限公司光復分公司（地址:臺北市大安區忠孝東路4段330號B1）之負責人，實際經營浴室業，經本局於113年1月4日抽驗女浴池水，檢驗結果不符規定，同年2月20日複驗亦不合格，本局於113年2月1日及113年3月18日分別以北市衛疾字第1133004207號裁處書及北市衛疾字第1133004430號裁處書，處罰鍰新臺幣2,000元及5,000元在案。經本局續於同年4月30日再次抽驗女浴池水，水中大腸桿菌群皆分別為134 CFU/100mL和148 CFU/100mL，及同年5月6日抽驗女浴池水複驗，水中大腸桿菌群皆大於200 CFU/100mL，與本局公告大腸桿菌群應低於（含）6 CFU或6 MPN不符，以北市衛疾字第1133004860號裁處書，處罰鍰新臺幣8,000元在案。經本局續於同年7月15日再次抽驗女浴池水，水中大腸桿菌群皆分別為27 CFU/100mL和33 CFU/100mL，與本局公告大腸桿菌群應低於（含）6 CFU/100mL或6 MPN/100mL不符。",10000,"1.	臺北巿營業衛生管理自治條例第15條第1項第2款
2.	臺北市營業衛生管理自治條例事件統一裁罰基準第3點第13項"
,113/09/16,受處分人係神氣小虎有限公司（地址：臺北市士林區士東路274號B1）之負責人，實際經營游泳業，經本局於113年8月15日抽驗該商號泳池水，抽驗單號20240814016-1水中大腸桿菌群590 CFU/100mL，與本局公告大腸桿菌群應低於（含）6 CFU/100mL或6 MPN/100mL不符。,2000,臺北巿營業衛生管理自治條例第15條第1項第2款
,113/09/19,受處分人係優伯行銷顧問有限公司新生公園分公司（市招：新生公園游泳池；地址:臺北市士林區新生北路3段105號1樓）泳池之負責人，實際經營泳池業。經本局於113年8月23日抽驗該商號泳池水之自由有效餘氯量，檢測結果為4.06ppm，與本局112年11月1日北市衛疾字第1123046623號公告自由有效餘氯應保持百萬分之1.0至3.0間不符，惟經本局於113年9月4日複驗，檢測結果為4.11ppm，仍不符前開公告標準。,4000,臺北巿營業衛生管理自治條例第15條第1項第4款
,113/09/26,受處分人係香港商世界健身事業有限公司-台北松隆分公司（下稱香港商世界健身公司，市招：World Gym健身俱樂部松隆店；臺北市信義區松隆路125號2樓）浴池之負責人，實際經營浴室業經本局於113年8月21日抽驗女浴池水，抽驗單號20240820005-1水中總菌落數為800CFU/mL和水中大腸桿菌大於200CFU/100mL，及20240820005-2之水中大腸桿菌群大於200CFU/100mL，與本局公告大腸桿菌群應低於（含）6 CFUCFU/100mL或6MPNCFU/100mL不符；總菌落數應低於500 CFU/mL不符。,2000,臺北巿營業衛生管理自治條例第15條第1項第2款
,113/10/07,受處分人係玉泉公園（臺北市大同區西寧北路28號）泳浴池委託經營之廠商「星哲企業股份有限公司圓山分公司」負責人，實際經營游泳業及浴室業。本局113年8月20日營業衛生初查結果，無病媒防治紀錄、未備有水質遭汙染之緊急應變措施、從業人員未體檢、未有衛生管理人員、未有衛生自主管理查核表及未有衛生標示等多項缺失，且抽驗SPA浴池水之自由有效餘氯量檢測結果為0.0ppm，應於113年8月27日前完成改善。本局於113年9月3日複查時，仍無病媒防治紀錄、未備有水質遭汙染之緊急應變措施，且自由有效餘氯量檢測結果為0.56ppm。,12000,"1.	臺北巿營業衛生管理自治條例第6條第1項
2.	臺北巿營業衛生管理自治條例第17條第4款
3.	臺北巿營業衛生管理自治條例第15條第1項第4款"
,113/10/08,受處分人係臺北市大同運動中心spa浴池（臺北市大同區大龍街51號）委託經營之廠商「舞動陽光有限公司大同分公司」之負責人，實際經營浴室業，經本局於113年9月11日抽驗spa浴池水，抽驗單編號20240910008-3和20240910008-4之水中總菌落數皆大於1000 CFU/mL，與本局公告總菌落數應低於500 CFU/mL規定不符。,2000,臺北巿營業衛生管理自治條例第15條第1項第2款
,113/10/29,受處分人係京庚健康世界股份有限公司民生分公司（臺北市松山區民生東路3段156號B1）之負責人，實際經營游泳業，經本局於113年10月9日抽驗泳池水，抽驗單編號20241009005-2之水中大腸桿菌群分別為13 CFU/100mL，與規定不符。,2000,臺北巿營業衛生管理自治條例第15條第1項第2款
